f_id,i_id,ic.eps.max,ela_meta.lin_simple.intercept,ic.eps.ratio,ela_meta.lin_simple.coef.max,ela_distr.skewness,ela_meta.quad_w_interact.adj_r2,ela_level.mmce_mda_10,ela_level.mmce_lda_10,nbc.nn_nb.sd_ratio,nbc.nn_nb.cor,ela_meta.lin_simple.coef.min,nbc.dist_ratio.coeff_var,disp.ratio_mean_02,ela_meta.lin_simple.coef.max_by_min,nbc.nn_nb.mean_ratio
1,1,-0.47825755420100563,-0.2526234632803143,-0.25798959656672205,-0.09446092753245694,-0.062282394309577147,-0.12707349065415807,0.0006037170096485887,0.003614677352674922,0.026474491172349724,0.007762178384675118,-0.023377516011320456,-0.0034219152020160417,-0.0046154823512426285,-0.02379774710434794,0.007361279577051988
1,3,-0.4741397364710947,-0.24466418244331345,-0.24876051806987018,-0.09257894635658576,-0.04093129135637225,-0.1209294001378154,0.0010492500178899084,-0.002625192140761437,0.031397345163363954,0.02350946330974245,-0.025135743774918517,0.027806040059976677,0.02585130207978255,-0.017818359228217267,0.025551341722148745
1,4,-0.48314253983761607,-0.25155846614304916,-0.25636752417462333,-0.0933178207419994,-0.056512318244482496,-0.12433452935139672,-0.004065646514915116,-0.005332939109986252,0.02976469196316917,0.01902246636692294,-0.025350105013669886,0.0021389472905529215,0.00865300116328579,-0.02260166278567688,0.012250446446202448
1,5,-0.48109323371913604,-0.2512170185460599,-0.2589716696761888,-0.09331570631467824,-0.056511347492392505,-0.1246168503548197,-0.0016552101940625595,-0.005260514376256263,0.030170799655429122,0.012116342972216195,-0.02478591632161376,0.0013673448317571431,0.003685316350882836,-0.015650933718779625,0.012824825703259119
2,1,1.0437901623218946,0.8393309485847399,0.19223192319114,0.2881281249063603,-0.059278206444669725,-0.16201731917925827,-0.06221565691255958,0.011172548535074284,-0.023669989186670848,-0.03249205036982248,-0.003975637076606595,-0.04774908127434839,-0.046485595572239885,0.011058255262549332,-0.04546753363896707
2,3,1.0965714805230744,0.8529868343350722,0.3027010575701254,0.2859387499563917,-0.06203317170851997,-0.14337882313873745,0.006050264629843979,0.012185102084503577,-0.03446665962977319,-0.029896958524004456,0.0024240920941752,-0.03084724615908896,-0.03543034697232421,-0.004158205893354057,-0.02418759809076386
2,4,1.0673750965854247,0.7628208112989509,0.2922566477813791,0.18845379278273194,-0.05110637625598276,-0.07512408977874512,0.007222132266864736,0.00948334136318996,-0.03593877001530418,-0.03697288229058529,0.004098194139884556,-0.05073107525573213,-0.056013157243885774,-0.008739690513045024,-0.05488886931914513
2,5,1.0398360103960667,0.859519085054506,0.3039082949183143,0.28910610367213685,-0.05522922960865866,-0.14715497430799204,0.008734316198428772,0.0154563181750586,-0.024691409776586893,-0.030689377734568937,0.005625269686668269,-0.03021099895505526,-0.02581002926482786,-0.0039867494018133885,-0.024490373244689667
3,1,0.08731046138483162,-0.22016458038670875,0.08883659912907961,-0.07023643949469305,-0.02926900882467362,0.02838103471892364,0.010088707424736276,0.034224567210337786,0.002285146029235051,-0.0023887413098117784,-0.02049314742361341,-0.004578634427986388,0.056560376287736906,-0.011206875961820727,-0.011179372263676232
3,3,0.09633850079732927,-0.02964976465412331,0.09341521752275449,-0.030877926492886332,-0.02689676222467904,0.03589980303733561,0.009715566438717996,0.017946602234690016,-0.025307931693633025,-0.023461480151469084,-0.019631988214040098,-0.02754178747717278,-0.01793733049752554,-0.013919001671773307,-0.032611966002706966
3,4,0.07069016803149077,-0.08599990613477307,0.07147240983011689,-0.05730389573358873,-0.02016713751894871,0.037233179831992,0.013517950612358652,0.025349958334889375,0.0028172698953875196,-0.006142239903275804,-0.018736088952823894,-0.01977540160626263,-0.009919040992262079,-0.013928423025282657,-0.027731149944472278
3,5,0.06308520495308761,-0.11565688427996552,0.07283279532251948,-0.06443722987935721,-0.025438519411503453,0.03555608003744968,0.01867935827010189,0.029935532297219885,0.0024935934961810087,-0.007061366205442138,-0.020215318356530957,-0.0006913857951268563,0.05597021284045543,-0.011567855710615577,-0.002653059094460885
4,1,0.09402353963190459,-0.0543531743913415,0.09649714149116068,-0.03437798380492414,-0.011047745790476321,0.04233515573113042,0.03197808544943616,0.03547490638320019,0.006148300954852511,0.0018037458996422646,-0.01837971813102999,-0.013420994122079009,-0.0035746223597486475,-0.00742103621579022,-0.02003551131345856
4,3,0.08446111649895599,-0.0698398655965622,0.09296414312389624,-0.03533158970201437,-0.020990058069865283,0.03893531889035072,0.018924579697302976,0.03312641071505156,9.272837473540445e-05,-0.006677090055659239,-0.019467843120579677,-0.01792458204194221,0.03263728938587271,-0.0064355234399793935,-0.025196375478293582
4,4,0.0939382265973073,-0.04362458218809736,0.11387731971895834,-0.02803940316283545,-0.0185117989741606,0.04147017874824416,0.0353391577356604,0.036734372164321495,0.0066898753915971285,-0.0008118075120596919,-0.017637339025945588,-0.01914048576564459,0.03294270154043994,-0.004541460851307744,-0.02259126666891319
4,5,0.09370704024492815,-0.03630277179171365,0.10264746063100133,-0.031136258004434578,-0.010533071921368658,0.03942165509643662,0.028495005783853746,0.0317472314556183,0.003418203173339942,0.0011398799111960426,-0.016970844957079498,-0.014812465322526083,-0.006726894545995019,-0.0035437034637855716,-0.02134647912530283
5,1,-0.3153787284621656,-0.1885606403656448,-0.13851309182084326,-0.07544664846545446,0.08754259031113598,-0.09171962529871189,0.03449082337461048,0.0292159294136861,0.006646054143352079,0.012284753657835507,-0.023575182460294018,-0.008490784814835296,0.006098648946402393,0.045406277856111656,-0.004357460637124316
5,3,-0.3208019582555069,-0.18847455552530357,-0.14320307343434063,-0.07400726189332005,0.07887162344975557,-0.09117280856815418,0.028499999530641258,0.02148711985895439,0.0014931081692510482,-0.0018494712271068102,-0.02387509559048224,-0.012781697310779036,-0.0013554713272812238,0.04054897054534561,-0.013100032286049688
5,4,-0.3200905661942575,-0.10612436722316136,-0.1450217436539008,-0.07422774168898144,0.05537058450767846,-0.11410490749678051,0.02124432470884759,0.0255990989962682,-0.0031685130675760597,-0.006487224751942864,-0.022918190260073516,-0.017066023584752177,-0.01136397395052154,0.029245186104877335,-0.013369912553692201
5,5,-0.3110233261771806,-0.18070672371750665,-0.13818184982995946,-0.0730614531456131,0.08967221758064019,-0.09095141597557742,0.03800104739683143,0.0327848047192521,0.0019662237053437517,-0.00056462253220448,-0.023818258755444948,-0.009363889279720093,0.0014970924444353431,0.0439845347998137,-0.0046734530977654305
6,1,0.08047364167045558,-0.023411640542218184,0.10564955374021977,-0.013306440495323644,-0.016597698520018602,0.03827017421291183,0.01277538423726875,0.014754206960278382,-0.026975029125145746,-0.02042327244235053,0.0017486369106085742,-0.036471756235302,-0.04426574150950249,0.0055032929088056105,-0.03701993300029292
6,3,0.09205562622410375,-0.022985544229320167,0.11029697394426449,-0.012487825310258304,-0.015715473243440067,0.04228755322648914,0.017905062997508093,0.026392659346484732,-0.008725795556365932,-0.016397633870164165,0.06118456710655952,-0.020726163682554352,-0.016860099496615835,0.04248126964306626,-0.028134124646328112
6,4,0.08602192163539914,-0.021615025726357324,0.10461240926728874,-0.011538822580570974,-0.011532255886164603,0.039436270065891905,0.013979635223536103,0.017449742553591833,-0.021503423096031947,-0.01861620816066985,0.003549509564257078,-0.03292837355829686,-0.04318062398464416,0.0020068144894036036,-0.035626002020019
6,5,0.07514266166617384,-0.023013908051139047,0.09959131791094608,-0.013844443052082609,-0.022535923144835327,0.042163488439691865,0.016373443634854382,0.0242241452344295,-0.022775783657735797,-0.01014904749441602,0.000438501370660648,-0.031842004027544835,-0.03768854842982966,0.009191724997296756,-0.03128844514585863
7,1,0.057828868535030796,-0.0685988815078464,0.06359513989954789,-0.06198778603399049,-0.023677440247683014,-0.018896832168385322,0.014428021647361493,-0.028650268735814065,-0.026804349580335594,-0.021763575961446187,-0.019683863633496952,-0.04134639384929861,-0.05175277080207043,-0.019328158536593452,-0.027662517008369768
7,3,0.048252954636066756,-0.11014642784201187,0.05668724717425031,-0.07483085877792983,-0.017625952756191193,-0.004727702878210921,0.023518010687476974,-0.025688860177406264,-0.02646668228733414,-0.023825875823909534,-0.02175655881660304,-0.04140530631570764,-0.05851479900340191,-0.0007558818595928234,-0.02702072757604746
7,4,0.04749129574109343,-0.1115797014807615,0.05113838767368347,-0.08292157474818806,-0.022804045115373785,-0.01153116974565153,0.015466700358502549,0.01861132019886096,-0.0016837109408454247,-0.00304285961548493,-0.02095501485695484,-0.03487177569921506,-0.05407857996347627,-0.020428885175752073,-0.03069178763792177
7,5,0.03702445950184864,-0.11789956325287919,0.05564629183421079,-0.0775081702322774,-0.022783735931787816,-0.007533680566807022,0.014481620191661613,-0.02439078179420375,-0.013688436709075751,-0.008239711886037783,-0.02170785708502283,-0.04145418307569625,-0.05137682192130645,-0.01670204154449742,-0.027514504721368755
8,1,0.12231291465584676,-0.02284524265198688,0.13403849127026737,-0.018908269040076357,-0.03241488022417955,0.026119513281111187,0.015695729718896375,0.029211006996511645,0.017159572425303426,-0.011254429708135717,0.003329688030587626,0.07021730876175492,0.07276369070233593,-0.007370231955765109,0.06498090413744012
8,3,0.12304195620341647,-0.013993926519933074,0.13372743801618103,-0.019774461053518644,-0.005590566072561971,0.02369041646859127,0.030370505858406126,0.030376806253012378,0.06890802690500325,0.04695408366732576,0.0020192198730185967,-0.0037257104012202035,0.0957761218872344,0.0065568719105901195,-0.0018868541755107276
8,4,0.16282978946967686,0.004285096009535148,0.1521340587012274,-0.018635407546082505,-0.0002313495416759342,0.037568734572024205,0.04025629502342289,0.03564483129160425,0.061187444214682044,0.04433844291281488,0.009678915021279114,0.08910848410979866,0.09778256002833394,-0.001250688133647586,0.07801024520035768
8,5,0.14617552411012225,-0.0027947745615477197,0.1458604208980428,-0.017911984512706227,-0.008392340941244783,0.03377477792077381,0.04208880374027923,0.036491770423183995,0.06425612886846457,-0.002080132017183583,0.009575880789469894,0.09280051461401516,0.09537135467883562,0.008570004059861578,0.06369520392705387
9,1,0.10798000293406787,-0.036761521127161606,0.1184564632164288,-0.03762656538581447,-0.031767824859738183,0.015636635540593996,0.007618573271069675,0.02272253156458483,0.05378717792814233,0.03148669373805046,-0.009608743140005052,0.042457125166211,0.07279693903783578,0.004001934163184432,0.04406442757452157
9,3,0.11928583849786045,-0.027214026358120733,0.12362784065626856,-0.03149744552565243,-0.027650609927996662,0.019558054839510747,0.011435359323180058,0.0235613171650562,0.058182205962819464,0.036214134785285276,-0.005546507250954337,0.05499974274265755,0.07809992119594246,0.003736908070307695,0.05269509093744117
9,4,0.11025385787454482,-0.03276871886998478,0.11836031472256238,-0.03396459956669417,-0.030277122954094602,0.02512689176082646,0.007486894757185258,0.024213273846048218,0.0580137296600048,-0.006018019893088265,-0.014207125781972547,0.04836468282891066,0.07505415718970344,0.003230360001147434,0.047905431690819296
9,5,0.1410501606510137,-0.02268662140897153,0.1315650316881616,-0.029949264335876295,-0.015943215283305962,0.030817529098952218,0.013025518800038214,0.026594660847186414,0.06593882042816313,0.04170587417383583,-0.005823680415990075,0.0615632707376678,0.08661870317005979,-0.0037430954255314865,0.05693181504433896
10,1,1.0683393969148298,0.8324580967608941,0.29705837594442197,0.27064453582056575,-0.05343139029037068,-0.024310677131265435,0.008634361934525797,-0.018061673828116215,-0.02166372049547065,-0.02860634912384257,0.03326212896917311,-0.021758032630820184,-0.031002534510827785,0.0044957444121082185,-0.022910149520026762
10,3,1.0686755701905704,0.8115253875286095,0.23639765125518003,0.20294848931791518,-0.037149213253418585,-0.01864747634924376,-0.05332272953024105,0.00039566409237812587,-0.020994058170937992,-0.031168824499262955,0.018293526464639838,-0.02384113299486919,-0.0267756235329405,-0.007066433591688881,-0.02446134138307819
10,4,1.0614215162078042,0.8347757427701108,0.2982203075968428,0.27255247240643393,-0.052088622434263036,-0.019994001320414387,0.010094989178968934,0.016848796411893796,-0.02160149009219244,-0.02903343504404115,0.03038599541090895,-0.02320222523465986,-0.033210748075832276,-0.0111324670092171,-0.02129877259278844
10,5,1.085703438691555,0.3912252024053338,0.22399235465793582,0.1440165265316321,-0.03402203546865197,-0.01854323630202563,-0.07506675787373715,-0.0016887399985696804,-0.02650241003819059,-0.03342790910056939,0.02874624594724566,-0.028437637311737977,-0.020776124561060944,0.007563928662317444,-0.02245070268313471
11,1,0.05787337508588681,-0.0060523349034836945,0.13645935440374632,0.06304008226516511,-0.014170773665414334,0.01727777111768268,0.021647048500587844,0.027957225632942076,-0.047662486280016236,-0.02769622258355366,0.045862094933563344,-0.0423342575536478,-0.07566241662832339,-0.0005975814093598342,-0.037631947264502384
11,3,0.0006409713218629624,0.14896726940598742,0.22439933625383315,0.17749287215721,-0.027203649051227918,-0.01467983764846761,0.017311505691171347,0.028157896701893382,-0.07191413040730107,-0.03427676480808267,0.056361904220294905,-0.03620738879491272,-0.09668982419258697,0.005427518361964835,-0.04028020899681364
11,4,0.01767058688972862,0.5318722809144588,0.22979304706704154,0.1770700753002283,-0.0254245382424788,-0.00993879613925623,0.02570797503889301,0.03277526903141952,-0.0910756339776498,-0.025131326066351253,0.02368477556404488,-0.03010589752229046,-0.08866367545668839,-0.006308725609372293,-0.043183590237774086
11,5,0.07616303432161588,-0.005995983615434402,0.14131866832315737,0.0023365423673500627,-0.01426121630227266,0.01884996937713362,0.02313204430022051,0.02961221356234308,-0.04463944105630152,-0.0212867371621237,0.047030845031376764,-0.03490378760574947,-0.05096594107084601,0.008025648202886166,-0.03777208799997051
12,1,1.4565080106578487,1.0936813509643504,0.5424517677534176,0.47111515481540434,0.06886797200122663,0.06955887007009225,0.005701463979912938,0.017300186749930047,0.07481620559972794,0.0554124200837493,0.12037515295305584,0.03114834850995313,0.10161868366341482,-0.007471758039221763,0.018647011845593434
12,3,1.5156747942779496,1.1758235296460373,0.5828847919291801,0.5148304771531866,0.08062870466117221,0.07868600647530555,0.01250594723937219,0.024114064658924673,0.08666694118057962,0.06013838561170874,0.20563113649832038,0.03333071793765439,0.07404976420362472,0.0213999958330071,0.021349734190069344
12,4,1.486336814053226,1.1331923305664584,0.5582061081417895,0.4867082774972334,0.07276927128767405,0.06886156404601312,0.0080401322044793,0.014681138926129345,0.07932757347291827,0.05419343599412789,0.19719281836620414,0.02638444335795081,0.1020869674902219,0.0077289311055966144,0.013081352157295242
12,5,1.4712566630932142,1.111684780479357,0.5375826936202572,0.47095760834838096,0.0702525287105906,0.06041588739359151,0.0037713096701315033,0.006831006981911688,0.0732368327456989,0.055087098552671514,0.17270825210588753,0.026085215344829386,0.1011669638130587,-0.0076470928716090986,0.015247772355543575
13,1,0.11871552650838614,-0.03708126259118645,0.12060324765300409,-0.054981586067437506,0.026977185990336803,0.016355834184301456,0.02600519946122356,0.025164212665887753,-0.003868697082547323,0.05584345159189069,-0.01901786973708585,0.04012969274218906,0.08598897738266356,0.005754333934320802,0.02352061979374747
13,3,0.14203253965235704,-0.05152268355662848,0.12793066191258248,-0.048467309967664844,0.029525583138852795,0.038456877297045486,0.03849069625149521,0.02748146292155382,0.057025778260494875,0.05158176505465845,-0.016563411987445705,0.08166897415046864,0.08070465367866907,0.013131717684841721,0.07068235071778514
13,4,0.14115071233836993,-0.026832505252927647,0.12576888864263736,-0.050750207516843365,0.04110632175941038,0.0353240437612939,0.03712684521640043,0.027218344002770227,0.05727952908276884,0.052108738228202486,-0.017574316169868164,0.08382990030517085,0.07086840568810487,-0.008427413835621725,0.06966759061171786
13,5,0.14552408725571886,-0.03723244428191092,0.13685427575930464,-0.05033129421473163,0.011436531891194042,0.03347873293589266,0.01725546051825585,0.030120552724694473,0.05585048572989709,0.04955778257205768,-0.0167340054171384,0.07443448061453432,0.07837007338506156,0.007784288445701451,0.06928940730357036
14,1,-0.4763050484961496,-0.26245828516300745,-0.10932911619292707,-0.08303220103958736,-0.05011014991391658,-0.010563291379717243,-0.0074458986750821484,-0.004771477968795601,0.00328497651566964,0.0035147462786106077,-0.025158182900988674,-0.025427141724088217,-0.04813331919307314,-0.018914148681391057,-0.012529046721291834
14,3,-0.4629801542931371,-0.2508625028202638,-0.2225912306958662,-0.08400924078397978,-0.05271228488805784,0.002552772442897904,0.0006068017523587397,0.024350938035380607,0.013433077483956068,0.006663414079232835,-0.02454221734802694,-0.009525240567136896,-0.024182800237545706,-0.019279265358364373,-0.006897652268102053
14,4,-0.459350464373516,-0.2570386654700987,-0.20447995580288822,-0.08582039763599503,-0.05420973184350644,0.00622195206024853,-0.0009462033805755145,0.007402097390135656,0.010046191848279975,0.005314750092309312,-0.022908388685994863,-0.010998949592070576,-0.025035928461286446,-0.02505511196028424,-0.007307977781770235
14,5,-0.4781300027626681,-0.26838852402730606,0.03546445839725589,-0.0895661590542589,-0.057184162709260106,-0.0036977268720717214,-0.009524388656437626,-0.010389702590915742,0.0029746026447480594,0.003813182893546336,-0.025247390323962553,-0.03660220078287732,-0.05809347237155851,-0.027905429384557943,-0.016334043202769797
15,1,0.05812538268852769,-0.07143405492024273,0.07640228380879686,-0.0651894796734408,-0.035787426917376235,0.034288147790779905,0.013280834792415656,0.026254428028049698,0.005833329164724322,-0.009517386260598558,-0.021406024811164843,-0.002388526987669841,0.05344851580894317,-0.009723101255457825,-0.002931158278428032
15,3,0.07067361932987545,-0.056577394384343414,0.08011290522371811,-0.03159635733039751,-0.04533998322924495,0.029960614773969874,0.01840774520987377,0.02165836252120358,0.0058156608815794686,-0.0020503155283425824,-0.01878849053413942,-0.021688402246710585,-0.011110320513398832,0.01536761426369352,-0.025373552061638903
15,4,0.05628098846937349,-0.11243660370143907,0.062144411016808704,-0.06542723323876105,-0.021168484816716553,0.03536856296417036,0.012942874712716991,0.026877276530217608,0.00411659747396319,-0.005004752839611317,-0.019035212849707703,-0.00904074285234302,0.05340244638636397,-0.014454976639238712,-0.009137998107599462
15,5,0.07411299859697261,-0.12031929477469655,0.06830807778277227,-0.060348933847478844,-0.0627503517645046,0.023415957791662254,0.013017243531665827,0.021494198923269283,0.043629507215480215,0.037902037814296484,-0.01925867977596813,0.06823589673662302,0.05901858245108495,-0.009154252929242204,0.03698043908013598
16,1,-0.4132533461498968,-0.22808425164382182,-0.20413140531368534,-0.07171977020178873,-0.03555307830508141,0.01177362082681648,0.0037793222818511777,0.003694503342689396,-0.04089849984270698,-0.019890737848421873,-0.02207803488506152,-0.019073306401427213,-0.024437343519880916,0.006033895102300662,-0.014055885377369867
16,3,-0.4168255956294988,-0.22995999562239358,-0.20094147371862361,-0.07217045972025123,-0.03599478795817995,0.012114092451445724,0.004968310116007738,0.005729349298752408,-0.038932687187010526,-0.02012445268405713,-0.022202228613776638,-0.019451323090299382,-0.021326166699934666,-0.012890328112857185,-0.013874432953232861
16,4,-0.41605079242893356,-0.23079563153773208,-0.20478029329241548,-0.0720144120774526,-0.035005486208962926,0.010995859110329529,0.0027441350665806724,0.0036068242901190223,-0.041873534584124815,-0.022345556564789964,-0.022109036686282633,-0.019955950586340487,-0.025537498102920636,0.011106127708763189,-0.014595082856211038
16,5,-0.41957586633662325,-0.23249971666698258,-0.20137539656601755,-0.07231222476227149,-0.037716618879924634,0.009188727824108926,0.004563565164614829,0.00536356375091227,-0.04046606057011176,-0.020489242098788288,-0.02224663469212098,-0.020792029143969427,-0.02346165241854606,-0.01516852965612679,-0.01438567233866615
17,1,-0.42289234958779737,-0.23609659744711628,-0.18735593948957244,-0.08145797629267684,-0.06296935115596626,-0.008008222603766098,-0.00412070241698663,-0.0056597805667254406,-0.008299733420473581,-0.008556992397122603,-0.025141576679726527,-0.021364143085962923,-0.030649460271285,-0.024086068332906416,-0.014291042020282961
17,3,-0.4498634478953393,-0.24009398217173372,-0.21231081696697257,-0.08280845878317353,-0.053406766511288103,0.006020448981336033,0.0014541682941079047,-0.00027513191687311185,-0.0060947459504900915,-0.0077243259943774786,-0.02513147035231045,-0.016802226230855453,-0.038788838454792994,-0.024705788803130128,-0.013153218861953057
17,4,-0.4285908827960897,-0.23170276059706185,-0.20105016340415802,-0.08075309057322777,-0.053188701665518534,-3.055247402256441e-05,0.0022394015365018115,0.005774845652660355,-0.00967592406119034,-0.010869167604607197,-0.025730660990741856,-0.01798221625116011,-0.04223145423421712,-0.019543623531573677,-0.01397924036296683
17,5,-0.42250877086790506,-0.23023860958072132,-0.20351500530817232,-0.08015695514878672,-0.03343857431104179,0.010277610814994224,0.007454389829152235,0.009650905379371674,-0.024668452625774422,-0.014470911503539732,-0.02452117218186269,-0.017375192952543844,-0.02783689259162017,-0.019268963504717056,-0.013604452162924597
18,1,0.000976763494540238,-0.15032396682405758,0.02781130468551455,-0.07622284285006906,-0.06315462616998489,-0.01989238337576491,-0.0006432573027410134,0.004782430496333414,-0.03062366473253392,-0.03283343533901404,-0.024711155533234434,-0.0627881194598822,-0.06425803165451505,-0.01817957984552643,-0.040045839467147286
18,3,-0.3961562300668362,-0.11960566111817274,-0.17911098226026406,-0.07852965993986769,-0.029310760711592204,0.007825269151179672,0.008306454594256508,0.003815273983944949,-0.002545666746773493,-0.007248096906350927,-0.023068353578905104,-0.016828006021667216,0.001242756013308963,0.017978533548602862,-0.011663996724066466
18,4,-0.3881471254375015,-0.21715713287175809,-0.18055883824322067,-0.07734480561827592,-0.027839701484953454,0.007716259561831816,0.005119353211012004,0.007246146994569285,-0.003505064748016475,-0.008549364414537559,-0.024295729254558723,-0.01739292076839609,-0.004346940714121819,0.02281904388420173,-0.012393308965936588
18,5,-0.38799669310536516,-0.22246721791307245,-0.17567445767891024,-0.07977200449064868,-0.015775588594554385,0.014654897698718345,0.01435448833199352,0.014202622923838108,-0.00041806264509356686,-0.006289494053526357,-0.024571646861415986,-0.01211921081440046,-0.0032604829277133917,-0.01127639622682997,-0.008403462166626862
19,1,-0.46876169257704425,-0.2637009687275916,-0.24836201604368996,-0.0849535129535296,-0.04573893633008014,0.018077182128132686,0.004748932742333384,0.004869516664225739,0.022874521959665432,0.007366713591446583,-0.024436796708662528,0.027813433545253622,-0.01815083387569917,0.00402771901230529,0.02877213112393654
19,3,-0.48590753391158575,-0.2663339002547329,-0.25487397649502747,-0.08472885615025907,-0.046723762469703,0.013964088513575341,0.0063258903387509256,0.00649869002518278,0.032260139315478886,0.02210612571730253,-0.02433513046198493,0.030297719996417716,-0.016402783216443985,-0.012758007503424783,0.027514649812751108
19,4,-0.466091939701211,-0.26046840467606897,-0.2445084584859943,-0.08460573881375634,-0.04817842956034224,0.017909029638326995,0.004064311825889305,0.004940427730176891,0.021221500638943024,0.005777417015622775,-0.023939810002622006,0.028958194538076798,-0.017407026650916743,0.017465165398857462,0.028903945575001876
19,5,-0.4652002522008115,-0.26150527145334984,-0.2483876663463569,-0.08499031667088412,-0.04874166572121514,0.015409828786771851,0.005267169829471585,0.004775422672035489,0.014369913190322887,0.007392560527203247,-0.023842032559992645,0.02885611886707499,-0.01639210251123065,0.003971673761314676,0.02874418191295735
20,1,-0.05779516521431943,-0.1238374424771013,0.007807177137063261,-0.07206033614124742,-0.026239257743311966,-0.3010378106098606,-0.21657009883997624,-0.2445435885960702,0.01587333152512153,0.016151153042837162,-0.02350541697565435,-0.01650939047668532,-0.02603875399868297,-0.02383687983891239,-0.020103798554177123
20,3,-0.06435190362209262,-0.12731136487809183,0.006568520821646423,-0.0710254933310086,-0.026423092899384226,-0.289395636299885,-0.2168205431149748,-0.24797432275960501,0.03524917262407418,-0.01271224357436626,-0.026117274111125674,-0.032451730802395926,-0.025554432735366832,-0.015765226687054445,-0.029261727084773842
20,4,-0.053107492348365454,-0.12241141797320529,0.008798881671581537,-0.07256789426296575,-0.025633609660460913,-0.30297705614055004,-0.2236875275211822,-0.2471282218826246,0.036553125937016255,0.01947673936987621,-0.026119759788795858,-0.028470119119932667,-0.02556450381240067,-0.015311437911046744,-0.018595555838466102
20,5,-0.0684082229614569,-0.13015270161383788,0.009261258327501855,-0.07021393208389665,-0.02644692060804942,-0.2851255827594847,-0.19325790871916776,-0.2500741746338673,0.005291643831290189,-0.0021745728910180433,-0.01811235611647641,-0.022024600057191857,-0.02206245362170693,-0.015057216322645804,-0.029535674541714903
21,1,-0.36000372210597625,-0.20867537999296562,-0.1461479082693144,-0.06858293521747123,0.08958208009186994,0.004119990664009303,0.006000682481675002,0.005451331857149031,-0.023347155314317723,-0.010981870399384388,-0.021127396954869797,-0.027620398890817053,-0.013885393307389107,-0.017676115785887153,-0.018138990970972733
21,3,-0.37853369845236085,-0.2181048739609947,-0.18574301980566055,-0.07784306760489963,0.06312302409636848,0.004496165441965424,0.003945064734739474,0.004745903777991639,-0.05230817471446336,-0.026571733826102426,-0.02377796155698678,-0.01439439551645807,-0.013210771399449149,-0.005721213318383163,-0.012831902480822693
21,4,-0.36424416853211444,-0.20197141437881747,-0.15134222673564998,-0.07417094027382373,0.08426242737854929,0.005295312367703583,0.0045643636003984585,0.00487834293802007,-0.01839543404549526,-0.028090759529162918,-0.022855669145986933,-0.025072280619271917,-0.0037136815720576546,0.017689352658513218,-0.01692113512194521
21,5,-0.3639516933377504,-0.11433403677555727,-0.15685504443045895,-0.0758793519167169,0.057717306133963336,0.004856163058773186,0.007298195617519801,0.008129314637820068,-0.024227672720831903,-0.01943149139912813,-0.022232616450837874,-0.019448531494646242,-0.007179424662533747,0.0032879543956871667,-0.012887332826327567
22,1,-0.3301174508956637,-0.2031214307714612,-0.1332225368979881,-0.07426601307362467,0.1109499666826331,0.01292608664602537,0.006831109095198659,0.014986554963122392,0.00021982689785335246,-0.005543964538659607,-0.023631679264041687,-0.013831372015056733,0.0008492481198160048,-0.014936978000714817,-0.012706653049967067
22,3,-0.33163150916418077,-0.20127192182941114,-0.13725096884141486,-0.06773508859481313,0.10786712921078347,0.01244997648424633,0.006414124705851629,0.0061594981925637005,0.0012663803737853593,-0.0034098136725188638,-0.021479043986220945,-0.01156738058828106,-0.006870400678435041,0.004305728152431577,-0.010002867288473112
22,4,-0.3312271028734156,-0.1797924989507472,-0.13683886615219762,-0.07483540709015872,0.10716176769805927,0.012158112079503198,0.007350559466219037,0.015198557594898186,0.0038609585717064815,-0.002509063438425324,-0.02233782879838127,-0.013360014836058523,0.0034557128519897827,0.0005319323746680115,-0.011298338018870223
22,5,-0.3255301593244017,-0.19975548049672423,-0.13119578774699234,-0.07473419205319941,0.11473322600608672,0.01332465369131808,0.006537562147817945,0.0066104354125979346,0.0033067476674471176,-0.002058913176439505,-0.023322529684000403,-0.01235757288370919,0.0006471768822569845,-0.00993736666793209,-0.012990303522288412
23,1,-0.43989234165543956,-0.23222102484063148,-0.22059730393734797,-0.07298013073532074,-0.044460800468427215,0.009048249291667346,0.004048469516316681,0.004383988814622576,-0.043892828769260865,-0.023350198715027217,-0.022389026506826237,-0.021676186177809156,-0.02492093838185471,-0.014627073278449455,-0.01454465265638636
23,3,-0.4410911115760993,-0.23337674959848126,-0.22013074052507575,-0.07308098018594965,-0.044997203696296756,0.007320298735902347,0.0037883483654018706,0.0040287499025882904,-0.043414685897428716,-0.022427001162573165,-0.022409983936060023,-0.021793032286090946,-0.026522840735129255,-0.016368180674393027,-0.014708411457670016
23,4,-0.44174766873050403,-0.2336215414401008,-0.22210593877658535,-0.07308426406485717,-0.04478204994653719,0.007550051829234304,0.0037845503170477624,0.004076000402672048,-0.045003783280060994,-0.023513084190635584,-0.02243742256877564,-0.02191904971342637,-0.026211203754192575,-0.013416183661469103,-0.01484574434247784
23,5,-0.43643450088168984,-0.23251497526665857,-0.2219209920816234,-0.07274206363019041,-0.04506866234711847,0.0076271687894225145,0.0028418845960502905,0.002599235896221699,-0.04468368568361911,-0.022048755945192407,-0.022253224898650552,-0.021706701082715385,-0.02861927025834156,0.0040752560989350175,-0.015445081563144178
24,1,0.06971964656028828,-0.15509301912109744,0.0741721806140159,-0.07111463338892467,-0.012545208291532037,0.037611256880007125,0.024512580664388748,0.03595602125032545,0.008480529585347844,0.007066936585009105,-0.018223450960369675,0.014436150182474567,0.010199678229977817,0.045747718067103704,0.01329412523021391
24,3,0.07917982128917815,-0.19262641218533325,0.08050793888844074,-0.07165851833637547,0.004786069737952134,0.03491430224404286,0.02117884700840977,0.038766553839826884,0.009514184447943606,0.010370090815806936,-0.018757684451964903,0.01107405485375327,0.009219850325914433,0.049736752032668446,0.017524567855602895
24,4,0.06211645055620617,-0.12874176066766688,0.07439246498904085,-0.0705988974607921,-0.004508644520713577,0.03522795393206101,0.017242358694649365,0.023237154070410423,0.030667248564772678,0.0024229231679744998,-0.021348553984452144,0.02997725758606645,0.006851158126198013,0.03780131458573094,0.03978140809695249
24,5,0.084486668472803,-0.2147886881285002,0.08233380340591792,-0.07077199194701649,0.0036338996747026877,0.03114027769296741,0.018566965123379457,0.035976990904699135,0.009243286774091685,0.0068779417247246686,-0.021463304485756667,0.03033414141328169,0.0031694855115037847,0.04770075844964998,0.015222409679345614
