f_id,i_id,ic.eps.ratio,ic.eps.s,nbc.nb_fitness.cor,ela_meta.lin_simple.coef.max_by_min,ela_level.mmce_lda_10,ela_level.mmce_mda_10,nbc.nn_nb.sd_ratio,ela_level.mmce_lda_25,ic.eps.max,ela_level.lda_qda_25,ela_level.lda_mda_25,pca.expl_var_PC1.cor_init,ela_distr.kurtosis,ic.h.max,ela_meta.quad_simple.adj_r2,ela_level.mmce_lda_50,pca.expl_var.cor_init,ela_distr.skewness,pca.expl_var_PC1.cov_init,ela_level.lda_mda_10,ela_level.mmce_qda_10,ela_level.mmce_mda_50,ela_level.lda_qda_10,ela_distr.number_of_peaks,ela_meta.lin_simple.adj_r2,pca.expl_var_PC1.cor_x,ela_meta.quad_simple.cond,ela_level.qda_mda_50,ela_level.qda_mda_25,ela_level.mmce_mda_25
1,1,-0.2406849679309726,-0.24041122343676624,0.0690998529117608,-0.02624111508500926,-0.06454776941550922,-0.026143920653345032,-0.29713743774964274,-0.024226072388162656,-0.0524817971254502,-0.03141739601419191,-0.0625794085907524,0.06410818885081304,-0.03857235022200056,0.1372171822966184,-0.11815746356501888,0.02393802059875738,-0.26677041637539056,-0.031827344346979314,-0.01289710351052542,0.0,0.0,0.015165544065421033,-0.05433701390413892,0.04917990003261752,-0.03161970619490029,-0.0157863484979045,-0.02838776970350776,0.04645466743560234,-0.040783507878617176,0.011644620693456842
1,2,-0.2701109445753781,-0.2618935708880108,-0.026617571344303426,-0.07985525996083265,0.23710169508291346,0.20010465958282903,-0.237187376111818,-0.2525394307679967,-0.03975272846619138,-0.06627138634592822,-0.07486577934755045,0.08752789249681714,-0.03686053920998178,0.10154543491838142,-0.10236088510925367,0.03557769342880024,-0.1687714473081341,-0.012658037120194199,0.0174437615526728,0.0795364775556906,0.004270878023694968,0.007093573629302519,-0.046630435280770044,0.11436953404514383,-0.04903463857065582,-0.10046335349670654,-0.026203694312474934,-0.005880687322143752,-0.04718425948902949,-0.09522026054327037
1,3,-0.2803910022994006,-0.2569812288218302,-0.010291131488184335,-0.048063431553460934,0.27534496520209817,0.23506315653319587,-0.26809583190954106,-0.2388018810516947,-0.04891403896191271,-0.061975506417573545,-0.06363261947328203,0.10719452768211815,-0.0446336799397678,0.12854536267148148,-0.0986545637288464,0.04617931537272174,-0.16644643400028675,-0.006134884381850336,0.009323702865630279,0.06112339543944517,0.011880523835901435,0.010599809577898633,-0.05835533184297498,0.12405647054288677,-0.020216200647106164,-0.017005657630642657,-0.024901788294977467,-0.01221377438679322,-0.01500304958911991,-0.07791659720296307
1,5,-0.2839205156533715,-0.2713618719078188,0.0035903126580233424,-0.07560343199567277,0.1921807614790395,0.16709885271730507,-0.3848725544008167,-0.1686157076695184,-0.0592994061338189,-0.06306240319433398,-0.06352685380790046,0.09583162461540595,-0.049739539933632004,0.1335338013037003,-0.10868355367313498,0.024425695271354686,-0.21490623038208723,-0.010264884469771196,-0.011752241592716262,0.03975934506282619,0.001345403593265515,0.009761640928453885,-0.06681559342596444,0.09961807872718753,-0.04768006502752775,-0.02360554977611362,-0.033122306492564646,0.005953122954042378,-0.030785846393285965,-0.0426996809471365
2,1,0.2203646288034995,0.18645306897192238,-0.036984845042605685,0.6763740720413784,-0.02368215077394964,-0.08732955464335324,0.05849461856941229,-0.01097595716440014,-0.009788033691593423,0.051951110138491186,0.060804632441145534,0.07048855978466562,-0.018578807054217772,-0.033311340855492366,0.007801915074616028,0.08195694502328732,0.05535574486145456,-0.01976876277187367,0.01691259356540109,-0.004688163087262276,0.036449509144202086,0.050049564953888126,0.005102708173168269,-0.0069301787594526765,0.01860608171968725,-0.01004517563209939,0.4899494946034164,-0.028631318097690817,-0.005705726688024604,0.008860576644048601
2,2,0.24260119996861707,0.20169499810110947,-0.02663374963623344,0.55421645757683,-0.02506349829762078,-0.04302991669251943,0.04354511847912834,0.21325834643834218,-0.005280954650677239,0.2548738688422477,0.18717215815225918,0.07324937346970284,-0.01510373468815751,0.0,-0.017039748434428015,0.054184240787730875,0.05336576348710054,-0.019315298196219688,0.022038832427149435,0.002447219425575131,0.0,0.04765676651233153,-0.015553061241585064,-0.026263480721364862,0.012857478508905729,0.0,0.25589852093678633,-0.04328990404821703,-0.03613676484405859,0.022704220222884652
2,3,0.3242885687235,0.2736802232866913,-0.0500259726227531,0.5113300433401335,0.07837702261960278,0.04946737140617863,0.07752616701672332,-0.07989115520396406,-0.007783725841695621,0.10529126970191816,0.11650117852802211,0.0755979888348095,-0.021019261853286952,-0.0840373122969571,-0.006975235891383935,0.09376757307185035,0.03811822923888686,-0.018535065078635227,0.012167329454821019,0.03089833575730183,0.042641797796615366,0.060847865425983194,0.13812977185286557,-0.09588543000881455,0.032492484960163104,0.022386435691530426,0.34973511416873015,0.004937930400153112,-0.004062389143672185,0.005841630367386053
2,5,0.21413143879641117,0.2032858749897658,-0.025374889595426442,0.4959590265147711,0.035163218548045716,0.0400693282108584,0.07218887304570898,-0.04322911764745485,0.0,0.054045399415551865,0.15154889988482922,0.06778203673634575,-0.02101839982743492,-0.035668805731025155,0.014344280905741247,0.09347732749845905,0.05742861584984493,0.0,0.010150008541003341,0.02000117026820014,0.05303915626626576,0.04205106351893351,0.09938976276296896,-0.022881761515814558,0.005273955822077125,0.04468542279285437,0.4978883956177058,0.0032264168540026006,0.017713044721805904,0.027127315318581147
3,1,-0.10935380200508951,-0.0929767036973437,0.04200017034246566,-0.08676570551231294,-0.09565315682526415,-0.02845638725001269,0.021057035987873465,0.07735876150717484,-0.0497851745464464,0.01904047479201051,0.038508114191504766,0.03838880281773965,-0.044831108685016725,0.10133129042888085,-0.030525829049364822,0.020255269858576435,0.11616903651817867,-0.03934038027992317,0.04003481761588065,0.07072380011173639,0.015817332746271385,0.03256112064376643,-0.039820933042398254,0.04666072280481655,0.017400152060147712,-0.009951104492645559,-0.02245956376462994,-0.06659866833071895,-0.03443975144757594,0.014094018549992024
3,2,-0.05971649392007508,-0.015236235643101212,-0.12289296640711672,1.0179976073496786,0.013308630093951113,0.027652104170204028,0.008560662219491172,-0.13299254209568728,-0.047091298733324405,-0.04218724833099227,-0.018235547802000207,0.0684820914868649,-0.043904133861919103,-0.14965626476385527,-0.03508862239247211,0.05445550772354171,-0.006659247239371446,-0.04179605056656449,0.016929024914308338,-0.01108589259006236,-0.010095534115161786,0.0,-0.07003901916078809,-0.1167062909707035,-0.03491296253465688,-0.027487213254337145,-0.015120780909031656,-0.014469128794426245,-0.00179425173931895,-0.0581604535212652
3,3,-0.028874105380264716,-0.028536861939300863,-0.04631178831359178,0.18831911669222545,0.18672390201835745,0.1623933106448539,0.06651721038935492,-0.1823950097372931,-0.05273812800247967,0.002389149546348397,0.022324928009467525,0.07669703104821102,-0.041985655545862144,-0.16966720717772552,-0.03940428930822129,0.042791494514477404,-0.022666803002720143,-0.02467915962244145,0.03161278045880567,0.08262180266885104,0.006988185568120628,0.007788052747919485,-0.03547164347932416,-0.0239039333012716,-0.012519149991609878,-0.02645198263778183,-0.019490705032156906,-0.07168069904019811,-0.0323615645308956,-0.09619966939196438
3,5,-0.07406010868622284,-0.07467213216667895,0.05915585332819069,-0.06295922578189149,-0.11735952213713058,-0.09117007076973646,0.005780457819119608,0.07483241659300041,-0.04636382628985858,-0.010029918267977889,-0.03202208688398911,0.07271185095186931,-0.04177384958108296,0.10622500805473511,-0.00770395939195323,0.02748364767972391,0.09701797638258372,-0.03237394315552319,0.040641090350873155,0.008657249274600959,-0.0013156751522352128,0.02266947236846078,-0.01137323586469035,0.06278479667025802,0.010747611539667114,-0.03926569381420142,-0.020492894435009665,0.008324645543315273,-0.034332123420966185,0.03504836252631256
4,1,-0.008081019533663109,0.004251283072106732,-0.05810971153281258,0.20223592488041034,-0.03706415676200121,-0.05525437793103813,0.05845071620351511,0.17838411715345504,-0.048440120003182346,-0.040889688362900564,-0.04025527079924893,0.04723431769427816,-0.03931285910293554,-0.14605522866929208,0.0038146995476814327,0.02542747139724759,0.052812614207003575,-0.04690152011299477,0.03715605913543188,-0.0067905955341470425,-0.005009787278080505,0.032582706801090655,0.06020753862462069,-0.07082713549842358,0.038354314577557974,0.12274797169890268,-0.013509107169405857,-0.00552748179016109,-0.03313068555823717,0.0774480401816624
4,2,0.023296074905646655,0.021945825272431857,-0.07401341081556714,0.43208304036000256,0.0314073902722196,0.03818065293486156,-0.013384594862026991,-0.06416216247069592,-0.055174874228344044,-0.04507711448667856,-0.00987857050608519,0.04897352161334648,-0.045934896237000325,-0.06810893320486461,-0.0482725246986936,0.032905135793007356,-0.010943651998278847,-0.04343146106411463,0.025509332046909666,0.0,0.007905870652335084,0.011659767121247347,-0.0445043419114271,-0.11762359601571189,-0.0360733016866369,0.14092154747553776,-0.000592352299790766,0.0,0.017734410459370034,-0.02679555644664766
4,3,-0.051491921281087885,-0.04135378996372433,-0.06220592757086952,0.5300471400496433,-0.0564485453187979,-0.04029852719342245,-0.013549499981677156,0.047478254472884035,-0.04833332909512563,-0.06712656356515641,-0.0488102732584812,0.08498248365194234,-0.040099062037878046,-0.06575168113989263,-0.03894393341500654,0.038340238769411415,-0.06311046951928422,-0.04168064808301633,0.04015038196900224,0.0030057217434621003,0.01390134081412659,0.02545287619936461,-0.0043976292018928845,-0.03969491367580778,-0.012026216178852144,-0.0028345578055562932,-0.022303456344622857,-0.03857133720321973,-0.004052387571041871,0.04847950249718043
4,5,-0.0063382559885029055,0.011343232484419541,-0.1066646051066057,0.5315950970728279,-0.03633292685916592,-0.05571472039206962,0.024240113989453242,0.22029323572253728,-0.04690897571237618,-0.010095198192602545,-0.03432016125837359,0.07287811381752711,-0.035133400002480865,-0.22279228485897692,0.00741357854790077,0.04727694742799721,0.001545439684882667,-0.04237058363999794,0.024953276788854603,-0.0014603225535689546,0.0076052723330522765,0.030436525060952402,0.08845075267896421,-0.05792543349449706,0.011871162803982538,-0.1234247882400358,-0.010516064352998455,-0.029994819840400484,-0.06671292175394752,0.10026968878482553
5,1,-0.1863186004333522,-0.1663990655173533,-0.05609672045455083,-0.04114834375447707,0.11123798993517707,0.12773762388284016,0.14252707615766305,-0.22548503704448392,-0.03722666450427847,-0.1924171962317623,-0.1329895331966378,0.08464460952111902,-0.033079804126057266,0.02767018343210792,-0.033097180995277586,0.09225811767332642,-0.050405293527648554,-0.0040849293625487,-0.016576245699676584,0.06801615287775115,0.03749104604796691,0.04312248208772418,0.04692197852592933,0.08924551539052106,0.022471017391373638,-0.11327308663296515,-0.017799822740970916,-0.06048677733927704,-0.06938812418655849,-0.07033042825801217
5,2,-0.185635296533538,-0.16506715597873722,-0.05367345958728398,-0.05128638801547292,0.11193495316871563,0.13350101423734084,0.15875103563102708,-0.21862387025270452,-0.03162969960917611,-0.1865695676207012,-0.1250521477487634,0.08068094205645898,-0.03694407461519694,0.040786564665489355,-0.03549159871022728,0.08345940262598583,-0.039010409426835146,0.005810084437663343,-0.013850261855204271,0.03428911878354152,0.04148491177687608,0.04166728603343578,0.017980009909798755,0.08080879053085821,0.023950531477995918,-0.09278052765054551,-0.013438028100129312,-0.05944595528131513,-0.08486184199615707,-0.05617772011403388
5,3,-0.1750297889996219,-0.171158800777803,-0.05219471219872218,-0.04520958336337655,0.12121985089372747,0.11668682441284661,0.1325247617870765,-0.20540656789770578,-0.03099439680876301,-0.18201893375369518,-0.12937132541778001,0.06834889519033646,-0.027590556764935492,0.0369977413423041,-0.04704862486354228,0.09493046158964386,-0.04500194475084615,0.0,-0.017232796920701676,0.0518531456062275,0.05291699951006096,0.0345605973458363,0.010493359587078865,0.07966614080591239,0.024832323203385548,-0.08059884948801416,-0.02226295466160505,-0.053213766444006994,-0.09398658451286157,-0.07000143444734197
5,5,-0.17815141681844315,-0.16966731367062424,-0.05104869243573146,-0.033317658134657646,0.126823726984695,0.11671348255949213,0.1907152387841051,-0.2048686133173565,-0.04336061535909641,-0.17630019022923316,-0.11767215605496634,0.07635807809644923,-0.02927692360707368,0.026669461525108185,-0.038534445107225146,0.09062800116894681,-0.037421567424051755,-0.01045727419665865,-0.012742318508849104,-0.011764277594068562,0.059015579524962,0.0437247481685398,0.013075420483405459,0.08394455323052341,0.01595079070968139,-0.08445715352433425,-0.02812445531287433,-0.06821241888744001,-0.08889402340199429,-0.060925580088328934
6,1,0.30930931130649025,0.22657834762078122,-0.07938839515694464,-0.06813324439657284,0.19163571674800361,0.1629430472426062,0.10093062955436324,-0.2076805572659834,-0.05356495156313874,-0.042876104339644235,0.0016374538127016114,0.08731580311806736,-0.04744980284755919,-0.020295970581180878,-0.034873527277400965,0.06477034246173224,0.0297832748129334,-0.02906776178388351,0.024912815084767642,0.08490243221375238,0.038598509727867436,0.016597472381644565,-0.01630586268756333,-0.332243037406047,-0.01754476417427242,-0.05180018873550278,-0.020288469455811836,-0.05051271414631754,-0.05383861578950641,-0.08191838146170075
6,2,0.31492445239602396,0.24820814838762983,-0.061929044373210035,-0.07248828764071089,0.19348106389773023,0.16080946682239292,0.04498476801803036,-0.15535650077085914,-0.05703613589596912,-0.015278557533644828,-0.029273884603554956,0.05876566271166511,-0.049534186077149045,0.005300543234840693,-0.03543836851246121,0.04014875498175441,-0.013694400494184217,-0.0297417345726992,0.025952320270935456,0.01772360844359669,0.0295546578858005,0.010391596320936267,-0.06203311702596824,-0.35052708657144316,-0.051203255527010286,-0.03459152420631478,-0.011698771244822909,0.014270382863617342,0.00445811940830769,-0.05021894444921693
6,3,0.32860430238936283,0.24237650732618213,-0.06054959139105323,-0.08847073681305789,0.2301745274196772,0.19456469797922676,0.055431419986721076,-0.19400192989738035,-0.05111074099868311,-0.0236487512083894,-0.01218343960756793,0.07476008963273567,-0.0500311208524547,0.012635124477235915,-0.03841554972876314,0.05435174868511772,0.01352850092023447,-0.023558214640200748,0.024984712107975926,0.038717721795615695,0.03536895669596318,0.010820108702472894,-0.06368097366018191,-0.3436731366593903,-0.031238649592598547,-0.021382700007190836,-0.02413417840883847,0.0011482813831984184,-0.01559315826298395,-0.06673012833029385
6,5,0.24797211582782325,0.19492682745225465,-0.04847622897653965,-0.0914792312047278,0.14062428638310281,0.12167041141269948,0.025428807385087807,-0.10100141456039005,-0.059936877243662603,-0.03730739081574784,-0.010577914142674436,0.05935693137389804,-0.04950502266600938,-0.03939826017835002,-0.004821948186307906,0.047411509487328585,0.010745193965021715,-0.04523817030310694,0.034429098421826884,0.027143917676882443,0.030448410385218935,0.027852085494432785,-0.04831375178275964,-0.21703839013928264,-0.014141173592738837,0.0771584273022832,-0.016041341561867165,-0.01938419072346928,-0.0330831584636604,-0.026333694642828143
7,1,-0.08082832726372552,-0.08713189690100195,-0.10589206723883489,-0.012992918328126102,-0.1698593287891279,-0.051112837156137375,0.07038233753078796,-0.06043075660186345,-0.04862402533576636,0.16939531700969704,0.08690837774249953,0.10940129366858493,-0.04113178257869603,-0.03297211285292691,-0.0017477120737609542,0.08314121595133231,-0.054756874450670845,-0.037079272773716074,0.023600666122405606,0.06321481386183139,0.06674214044527951,0.026166563484106273,0.002204920766758975,0.035155886468815026,0.019980511178983702,-0.04278781603641965,-0.025201582914094543,-0.04174832709957155,0.003191820015079838,-0.03166899623436889
7,2,-0.0801406471114775,-0.09192778571545929,-0.07780047852047883,-0.06517983934232227,-0.2867069553678654,-0.21186271460189626,0.05578567451394989,0.05462152750446775,-0.04754625613954633,0.32164343233947124,0.14118442776766316,0.06966405216578969,-0.04336074103852672,-0.005203773605500783,0.0036737530751222713,0.044012936025005334,-0.061745051057985056,-0.038473988328432046,0.022131428811292403,-0.012995909373262893,0.024049230762267976,0.02551001358600588,-0.0908131684431415,0.016090988393850536,0.0006455259477860242,-0.08704655629633418,-0.02145732350353624,4.6376890201982324e-05,0.024583163314592787,-0.019086222258862473
7,3,-0.07550510239194719,-0.07614610642310612,-0.07024947954581895,-0.06756389726013895,-0.1427940741742985,-0.11446952099062162,0.009529060709061815,0.12231704398051746,-0.050812416559147394,0.23218955866560792,0.14104180927493543,-0.03450111577847548,-0.04373581830870521,0.019785115800104086,0.02856804760406656,-0.024681761875362362,0.039698432930995314,-0.046909906560269415,0.03284693473263993,-0.006128494321147093,0.03797179863193867,0.03393983071105301,-0.09017333170385355,0.038673691212275665,-0.007965009944295748,-0.1679117013516162,-0.02188885782799324,0.10891523400318949,-0.051725283754204904,0.010269603444134162
7,5,-0.11410318916062198,-0.10908873877365763,-0.07372150169453542,-0.05867607472577652,-0.16312293937208114,-0.08221121770543852,0.023708957428945493,-0.024774147073468172,-0.0544002713132416,0.20978806456736984,0.06926047396671792,0.0852156396568404,-0.0467035143471449,0.010809502805640664,-0.010571097343434005,0.047841128622569146,-0.0985690513759196,-0.02298293435867718,0.025666248041332995,0.04128138698788328,0.04074576835063619,0.01942053782962022,-0.08162371229558243,0.06306951580314775,0.005757112959316774,-0.0380941086299284,-0.02142598922534139,-0.01409892291567244,0.03388079122851398,-0.021138229209609727
8,1,0.24523202516681508,0.18457038834826928,0.0340413928221307,-0.07893726316761251,0.03726717981452782,0.04747678296275781,0.014922032460097934,-0.004855399241445957,-0.05189596294049714,-0.045351320028359454,-0.056153508791595697,0.06797083444595226,-0.044262472599233854,0.06077267399295577,-0.0696241640184368,0.0386048181282479,0.06489421426081146,-0.030067351202293063,0.04600034907798206,0.02308394450359591,0.012782875720620035,0.02660172660629523,-0.026325738567688273,0.0930350578002408,-0.012275701499666503,-0.02368997385359603,-0.01691457253838108,-0.002135426342843416,-0.018935224335873968,0.028797014377227814
8,2,0.3183246231604387,0.24696066561917307,0.03281452079804048,-0.0396248103664123,0.14608022296947554,0.15921351165727426,-0.08749048565510698,-0.06374992278623351,-0.049005797365767156,-0.02834171260290791,-0.03619833159431768,0.06411568979873739,-0.03811034095878546,0.031739479621300914,-0.06819180216789056,0.032725977405767936,-0.03944544459853663,-0.02664800045709137,0.047426727641636746,0.05337725240167246,0.024726351748765085,0.01445571606795193,-0.04693473911941315,0.05543698136052616,-0.019380602978008143,0.016966188339766763,-0.01764154944038321,0.0,-0.019648941064215164,-0.011468803356783797
8,3,0.34621745048568114,0.2641823473203204,0.057425555107031734,-0.08603334458328987,0.1882032680845413,0.16907671095783872,-0.10929126928470145,-0.06964419331751615,-0.051155089468721715,-0.04758059074015969,-0.040155898988019356,0.056629905528673086,-0.040643458230204654,0.03903357258051504,-0.09505640797637116,0.034765421066698665,-0.08019060956449989,-0.018155934295564335,0.044768093714358526,0.046012506322313684,0.030945479383425623,0.020723995576525933,-0.04561517309561414,0.1076602173583655,-0.030460267386585527,-0.0043801016825247285,-0.012607929768631898,0.003157454659041603,-0.021151446021683062,-0.00322403893293588
8,5,0.3176325641992764,0.2424070377266313,0.053219798002344276,-0.08971292277069329,0.18227284739306304,0.17419089792356074,-0.08592612730006732,-0.04157800990204591,-0.04719404794693732,-0.04889002535796638,-0.05827573875933423,0.07295636953367068,-0.03987685990146633,0.07495827262024074,-0.07974677201957353,0.0363416745698345,-0.06523388847230288,-0.024422362849692236,0.045425758258005156,0.03454355070864712,0.029523708791672154,0.023682284413091115,-0.03859046754107631,0.10684538806680266,-0.02747361923235797,-0.00568587745959892,-0.01358914922389387,0.02127100488419581,-0.01905264522961081,0.011244522531350332
9,1,0.286346046994419,0.24755233223099743,0.006820657446236056,-0.08211599570343142,-0.04697725813609413,-0.0796933391939906,0.14085416481715318,0.12437850379270038,-0.03723340372217096,-0.05866226841428246,-0.08650737536789149,-0.11380547554771431,-0.02397061130523377,0.003816742395011369,0.0356961284296996,-0.09056059112693096,0.06854227943904595,-0.0483240568802025,0.03799524518987221,-0.07197254903247671,-0.06388179290980761,-0.0362063296617339,0.029998555120609005,0.023820487601574653,0.05178892947747482,0.07542910218948279,-0.009376844487901492,0.1823322472608215,-0.029292077433190622,0.01947824453025193
9,2,0.2846950083755291,0.23754300442633142,0.014296298672239721,-0.06470798477160032,-0.05855729636878218,-0.08677664084998493,0.11393488427164528,0.11593385846496457,-0.03955675809497321,-0.051824220260326695,-0.08421768914371643,-0.10915273126001823,-0.02630424325565478,0.008270292524900857,0.02802183465009067,-0.07537747803706588,0.03950969697179199,-0.04727583033635613,0.03708012868203284,-0.06428511232772682,-0.05653966300427597,-0.018629251023369847,0.05151937950201535,0.025554213081807886,0.0454935863018843,-0.038288907164509556,-0.013981424302421636,0.18086424774740684,-0.0382977555025681,0.03936089410550414
9,3,0.28529510026202826,0.2447129835842286,0.010048382274918,-0.07339619362119429,-0.053901818855280115,-0.08148581142844644,0.170753063983624,0.11928983979770313,-0.040148082141607894,-0.0511113662141211,-0.0780340923912301,-0.10111360497867683,-0.0243647432202391,0.005477352772995492,0.030270930425116277,-0.07229624356141118,0.05444854310085895,-0.045649181521942306,0.034230491859304796,-0.05564403573444904,-0.0442072022999819,-0.014838523295340605,0.04550199218671072,0.00911411139801363,0.05413475690495709,-0.03987058101144861,-0.011928388077032448,0.1840156690478589,-0.03939784369951968,0.04261370517387597
9,5,0.2935901391181195,0.2454649021602241,0.00765667306459375,-0.04476132661505847,-0.05164237809662753,-0.08299871992871333,0.1786323288037215,0.1270017186090614,-0.040802168227407426,-0.05220023110179853,-0.08065438579764903,-0.09409822445713342,-0.022621701144987655,0.010396921507707713,0.03371454203028684,-0.06621104658577359,0.06439137681571971,-0.04616379270534876,0.03527639166916685,-0.059420386193159536,-0.05612156102261448,-0.015619574436833261,0.046948739709428866,0.023045981507842206,0.057176318510464036,-0.027077200144544622,-0.010430284056999195,0.18444520297217726,-0.03725334564617774,0.03831469580486002
10,1,0.5776291466478478,0.4711251783664896,-0.09384591094241435,-0.025452253927333413,-0.11323677005068356,-0.03180512054130147,0.16501276458467995,-0.038184548049408296,0.010852120252806685,0.2315150220502883,0.11750396497457327,0.10246369965448188,-0.028702159088275447,-0.08701721818564512,-0.024213277287001844,0.15068453357222378,0.06688155448666278,-0.025967352017865597,0.03791454402948391,0.09233570603721919,0.13262253221466214,0.06826729449078872,0.4586603223116974,-0.015555526270074616,0.0,0.0,-0.012232928269694465,-0.008065836423494344,0.04740737682848162,0.019074577319563524
10,2,0.5350866067444333,0.4452967804951702,-0.07073182122753807,-0.038938387984833955,-0.19509292955027935,-0.12167112600653318,0.10494180069165693,0.003238400541322406,0.0,0.34436805021351047,0.1921937690705342,0.06211590803371103,-0.023461072646396186,-0.04760001003365255,0.0,0.13465492380032118,0.01938259482957605,-0.030426566635570307,0.01901376167907909,0.04540723974396088,0.11124588667819446,0.0643382818795235,0.42388913924844607,-0.01498960782892056,-0.002615385176831575,0.20702053852578173,-0.021670424611672567,-0.027627681083849165,0.05469404632610364,0.03543091719821323
10,3,0.42916555606923346,0.37556522527038416,-0.0769455773863219,-0.0274697587989039,-0.04792375937324178,-0.06564766216493334,-0.001322126880441088,0.17641406632569945,-0.013327620825389852,0.4328758499160077,0.5313918342546033,0.0360754951358121,-0.017557258581094137,-0.0655664415280297,0.0709013606287694,0.03799592277121211,0.0,-0.024395115012757485,0.04044814035792266,0.00733253441493853,0.0581044736514571,0.06948762778272499,0.004789146717606219,-0.02737739138322204,0.025869134642763192,0.14804086548585027,-0.0041764853160848325,0.09729734514910304,-0.009067109039827104,0.04618341728145836
10,5,0.4907986108304545,0.4348178745779905,-0.052556838471855105,-0.044372754200706854,-0.06044818183016032,-0.05688150337547304,0.008482857090356566,0.14577267950312867,-0.020776131547850296,0.3672791836262055,0.541136066088191,-0.028849729429790916,-0.022603468816762895,-0.05067399493593405,0.1382682824229049,-0.02718335214060552,-0.004699589827323214,-0.02697167442948034,0.03081933524046243,0.025382561759578204,0.06023075247189991,0.07172942988577646,-0.007610728269718203,-0.009631748092028491,0.05874332638755764,-0.02124100979606247,-0.0009413996837736027,0.07669275140438714,0.02773983327996654,0.05366676495357847
11,1,0.2678218220410383,0.2476983879922673,-0.0562955731712933,-0.027712654539972265,0.0,-0.01098800158288428,-0.10433402302110911,0.06787398939476627,-0.020465270727409293,0.21636905367349546,0.32155282720496164,-0.0514243669941068,-0.025044987602677565,-0.06856479670253371,0.04197238398397335,-0.07084092153299434,-0.04708555143705372,-0.03512772146767783,0.0,0.0,0.03375849231254127,0.043638398592483835,0.0,-0.09976056135310157,0.0,0.04307455500053681,-0.014454560608945746,-0.44710945341271446,0.0028146689419634996,0.02073150952215294
11,2,0.24371211899280226,0.1971865748368717,-0.07007960989612091,-0.03959985955619187,-0.01456664709973858,-0.0149834676445409,-0.08396300153189296,0.062117529732151955,-0.0336814530976999,0.19507595582239465,0.32869919990058794,-0.0520636727899044,-0.029725376979952763,-0.04894014252513536,0.04532222658184051,-0.08737440000014322,-0.04388241467438829,-0.043242891526152225,0.01305376558249717,-0.02269804851085616,0.030884769565761847,0.045282189715459595,-0.00802931545772937,-0.09698681975843751,0.010357697155782289,0.0,-0.0023153650200877715,-0.4302445603716436,0.059950011769783124,0.005665438213917268
11,3,0.2627746205213683,0.21802447286538398,-0.09332381551524736,-0.0446544652731862,0.000868624730743145,-0.040729430035566956,-0.05833483343024617,0.03964097963972471,-0.022565699714420004,0.15451599839410365,0.24517791184690144,0.02018444532963179,-0.012720246417785158,-0.14839834153165263,0.02000723960924565,0.04943742547644753,-0.0572837834097497,-0.04060198438526755,0.005280968018010229,-0.009377450429812001,0.027004017639194078,0.029685955517318147,0.0,-0.0935004967562139,0.0,-0.07743595053258752,-0.02625893817381908,0.026237262320425683,-0.1812082863514075,0.008816245277209811
11,5,0.2390418239257906,0.22102610305649484,-0.040814946690128515,-0.041023413631074576,-0.013243267533533026,-0.011726782910998837,-0.07828967802800231,0.057960145701641375,-0.012578461955864484,0.20447924983512483,0.2871048060990823,-0.06349291605389902,-0.022438845553436226,-0.050972119523813975,0.050323690311561003,-0.0643076666554831,-0.01822291124712569,-0.02511920482561461,0.003121796426201917,-0.014970292549677175,0.032753592715242696,0.049129214567170246,0.008988587966204609,-0.09078874750898219,0.0,0.11275648467416885,-0.019871410379058055,-0.4461505339524442,-0.010934399561234154,0.01752836548680209
12,1,0.49913377751571364,0.5733335389199619,0.08923022400493164,0.0,0.041226656057606004,0.04092772539080358,0.06950524363877797,0.019050303519503764,0.7452290097293559,0.003986622356255465,0.02796083829611362,0.003283037272110434,0.7389334057224888,0.157217630834523,0.11837771248758822,0.07099982093107204,0.027712235614574032,0.49279221642633786,0.012169784283225127,0.07321817851057277,0.047222882588633386,0.03103604326192233,0.027096242383199076,0.14032402670920696,0.0661967926586482,0.00544428403501418,0.04836405697945678,0.011648323160255769,0.02336541633166478,-0.0031551608792925734
12,2,0.583851374770981,0.6180659655860525,0.024388747861494364,-0.0013220715522881399,0.09103379271156542,0.07183884367885685,0.05645436815534444,0.0,1.5126628744897368,0.0,0.0198493972596685,0.04352028083994108,0.17871879882980313,0.09621700532863309,0.09236460834019633,0.09602940597336174,0.05266174187576911,0.2052236574038231,0.045341532032446175,0.07333625777991104,0.03136768674407886,0.09150124081872413,-0.018157949683664132,0.02236046645235934,0.06027815798498448,0.013367337929916623,-0.05206739958901885,0.02974275622200917,0.04775803015982838,0.04206345113442733
12,3,0.4465560540025746,0.48637880467986916,0.08198891446471013,0.02157916791741199,0.04370245684102514,0.1189897644339668,0.0661533465715376,0.05902163523582549,0.8051314592448984,0.022199430929203512,0.06386334999560805,0.0,0.669236030505211,0.3057998976881606,0.06726296798821307,0.08663718266593179,0.0006425397997960047,0.49983840983380134,0.05279111502451972,0.07557165704920887,0.048510671781637704,0.04436034928738786,0.018217200626108543,0.2972154317413658,0.05196821310971744,0.04620283824364524,0.04082163640780356,0.0,0.04623400539068934,0.06476076400249031
12,5,0.4053896992773427,0.5061755955718783,0.08328932511312326,0.005825035743830753,0.06122111436382571,0.07200586312358914,0.04925148797024459,0.0573333201230235,0.8687477381817792,-0.01848460493855386,0.0036179012579966585,0.06002581431822085,0.5684412954034479,0.1772085366920999,0.10566147466414422,0.05924316877131641,0.09257312048672128,0.4542629149270716,0.03228219103944774,0.0761534026981674,0.0340730037242265,0.049435160047591076,-0.028668493230770586,0.2052473844098066,0.06683194629929767,0.04336854333326823,0.05861883373691734,0.026239366632396344,-0.012636692878747358,0.059620872322487806
13,1,-0.10213223358100662,-0.11753037413856968,-0.02228387584117658,-0.060649415630462666,0.2694019117786612,0.24581013433190035,-0.024348372003627577,-0.15481893675125014,-0.04547454219784486,0.021973537518315545,-0.01168652969740025,0.14436009916656317,-0.04097848144689259,0.13688102363206428,-0.03978618593051775,0.08131120276630516,-0.0865976581075657,0.010724797475550663,0.03679233008675198,0.09733167152171657,0.06008781349919651,0.02350660315449521,-0.03380189413865664,0.13196663379087742,0.024450147696389313,0.017475546389836505,-0.01939084131426319,0.01609066469799547,0.04393107171738847,-0.058337338029958774
13,2,-0.09661600190879693,-0.11730498382031018,-0.03961982399790703,-0.04907714269285035,0.2880457892097581,0.26798403561598205,-0.05855421793384191,-0.18656943186538036,-0.047570000171578336,0.005069691075071936,-0.016733890402154228,0.14598706899241898,-0.03136433932887983,0.12377860703480464,-0.03241805063653025,0.08999821723088186,-0.07583017885092552,0.010765002767030796,0.034716031729616126,0.15710747242188666,0.05971747063009025,0.030752016622092593,-0.015145838360129948,0.14443727165134512,0.040120795176909585,0.060346639288980486,-0.017483987387878486,0.008766609931407099,0.032114619360129604,-0.0590654706992656
13,3,-0.07786597527130612,-0.0928203600389404,0.06342516709676904,-0.07399814740482458,0.009221827822034956,0.04831783498058556,-0.01957493742985794,0.013436089214082458,-0.04464402598553879,0.08845469249748639,0.0,0.08567813338713665,-0.04227057294704145,0.21821866951362423,0.007914022050672265,0.03648041851313666,0.1089733126873661,0.0,0.04548978534318099,0.07552229659993842,0.037089816621549254,0.020604356242746258,-0.05882494724477205,0.09883511948211932,0.013136067103970306,-0.056225243237417954,-0.019168502263622766,0.12308463921807483,0.04852825874712524,0.009345803200363045
13,5,-0.07066194643745072,-0.09182093479518755,0.07330488421211645,-0.08511942154800206,-0.12525857496964476,-0.08903676003810346,0.01800184111496883,0.09993251170147222,-0.042657079696839684,0.09807565657974443,-0.0037706905218984066,0.06706669662536979,-0.04034132939514018,0.17413794986804257,-0.0031015895170050933,0.03744977681890216,0.1750325095668332,-0.008749601485753766,0.047549275836487936,0.00926714028614578,0.02719065134495513,0.03540250241170487,-0.048512658467557535,0.08006216927959697,0.021137610474428137,0.048957029670933516,-0.017908859278080447,0.1267193446010022,0.0416061387938893,0.038437162958179893
14,1,-0.2372913967126148,-0.1923290657923395,-0.17540417668400488,-0.07824924589008742,0.1475166075610801,0.15270041228751652,0.013784281109487151,-0.17310454502100214,-0.05735484867993512,-0.015047834436059171,-0.01946267489872644,0.06790536564174587,-0.047845304885261064,-0.20598283048444976,-0.00754628264424384,0.051962872358281065,-0.0736205967399205,-0.0642380523447933,0.010558452519389028,0.08520332157302646,-0.0012940418851917768,0.013553294929642301,-0.06631393482389103,-0.061992849721783316,-0.009480385405774339,-0.027450950667093577,-0.024942676039063638,-0.03399376927815356,-0.03085114641098019,-0.07780225702980581
14,2,-0.21451287531795,-0.16544817393741573,-0.17465696460971059,-0.07015471498752013,0.0512749334854089,0.0900570508440488,-0.004450020050383752,-0.11862429038287736,-0.06587542779433109,0.018003180826390353,0.023363503149216647,0.06771034700877243,-0.04729648500908179,-0.24612724244197737,0.0,0.055747722931979826,-0.03803990340617269,-0.07178274732148504,0.009660815365035824,0.060656540136608705,0.007092376100016451,0.023054241579842816,-0.07268913949970818,-0.08406069524430826,-0.013676322685283293,0.0,-0.03310819835014556,-0.027954818006130644,-0.04310657676409252,-0.06103123538413535
14,3,-0.22249417593341103,-0.17751915709029192,-0.12587986480841196,-0.08357387843041064,-0.09242966344351033,-0.03912187984917703,0.007587458988353335,-0.0072459156200817,-0.060929832358606384,0.06675963632600512,-0.012595624901473146,0.026439393670805056,-0.04327626168312554,-0.1894326858044747,0.022909309048940674,0.0352419132996491,0.11219180726562372,-0.06668339821350744,0.018327636631653987,0.0186320701426807,0.013646168608214548,0.010997051917647327,-0.093525578258142,-0.03241081685324376,0.0044580187086196155,-0.05706613541884875,-0.025995494159700483,0.019373268172079072,-0.033798268669301135,-0.008294747817095827
14,5,-0.22799914075503025,-0.16543266081425445,-0.19216812613795992,-0.06953298525645524,0.19417239872036762,0.16905092563957225,-0.047364264488140906,-0.15009724042202766,-0.061004329737319285,0.0,-0.010946736285201819,0.06443785504745436,-0.04735032510874648,-0.24212335838087184,-0.0010051934927329254,0.04606456060399827,-0.06429852048154916,-0.07097733784197136,0.024189965812146164,0.0449389217057381,0.004011158703830342,0.017336897297424603,-0.0702942816978292,-0.03646987612254127,-0.009676782277727836,0.02364189604885225,-0.0291029577827967,-0.06787092231008329,-0.047839708607418485,-0.07101366411587762
15,1,-0.09848418886547797,-0.07262474806088765,-0.11106470926678907,-0.0738882924636387,-0.018140078950451957,0.0018352091472639762,0.027600539510227062,0.004089242216927802,-0.05901863101742985,0.007721168131430631,-0.0222575278199679,0.06786905663809274,-0.030410873125024468,-0.048817912004480546,0.016495829967344056,0.05647354444837625,0.14603084517362502,-0.06169813244985503,0.03882546416290025,0.023920181159743363,0.020385456733846757,0.02759710663635242,-0.0405162023362477,0.02684293183362438,0.011334528896316975,0.05327372762751002,-0.02163853056340792,0.016635704239228513,-0.032829133773781424,0.016352320036545437
15,2,-0.09876602623830141,-0.05444473907123422,-0.1897813312731561,0.024482294229923318,0.06136960281303451,0.07209950100748669,0.019233581056625898,-0.052366156383464396,-0.06765545839818937,0.0050990342334988475,-0.017814693963170564,0.037664750189575144,0.26546692283567397,-0.13980026430549125,0.031661652936154874,0.06511822828118456,0.08370311339045695,-0.008719473548918236,0.023030562317241522,0.05511647053767328,0.019511118686468015,0.014276775404624784,-0.0647352063020019,-0.031249013039494455,-0.0009321417504115914,-0.08581754845866595,-0.024150247292714727,-0.013544358886889818,-0.035453096813944554,-0.014461751765817057
15,3,-0.07115384227797514,-0.015722698184723355,-0.18615879053045503,-0.08843214706583627,0.11892405912270496,0.1149178705651144,0.019800184507928947,-0.11678456618784568,-0.06895965979325419,-0.019028377698902137,-0.029099652441098713,0.03939198447899632,0.17666512067914936,-0.17290072537181442,0.04155353286995525,0.09679195534700168,0.102241497670942,0.007713686148392407,0.022720207728287076,0.06841229893528587,0.026325610320490515,0.025879929369592738,-0.04651228785050922,0.026822516843758193,-0.0008019545408407096,0.08208975215146772,-0.019529100318279105,-0.03822958676015169,-0.022218626274642717,-0.02901060382715666
15,5,-0.10757765654202688,-0.07301019389585411,-0.1237527052237046,-0.04884009827108836,-0.09178565139418197,-0.06649474809246775,0.08128659031920851,0.08049963315880698,-0.055144101346784734,0.016096341542304993,-0.033181255331726195,0.012500030550628725,0.002314280332683577,-0.03906218483367647,0.05483494552387783,0.026792403743835812,0.1529344399565616,-0.06546139412378191,0.04024584087867812,0.008688602117540342,0.014962896960707808,0.027572824042309096,-0.019507429061256923,0.013206320085121223,0.03243254740470433,0.054490952505542,-0.020758024627328342,0.057847720950460035,-0.04408026950653693,0.04276176944530563
16,1,-0.1370814283593596,-0.141067873719804,0.1840427746398201,-0.07120471774217474,-0.028336562084810335,-0.03984369312338587,-0.09743276978178106,0.04948614692664166,-0.0246045134276891,-0.08487735081691183,-0.055567607378298356,-0.16904367612349902,-0.012473340959156087,0.08249854250112865,0.004447169365345394,-0.17358588952879672,-0.024736342036200065,-0.01916791897806258,-0.045501230871023535,-0.08214830853260302,-0.08806327497814936,-0.11936875068041736,-0.02060158238229648,0.014761606030373464,-0.03047210766454478,-0.003894151162876447,-0.02640697622588506,-0.03907256229345535,0.13563731409746677,-0.006560399998187583
16,2,-0.14499880924995312,-0.14220890710497192,0.1825930309930589,-0.062132033690485866,-0.045411301420410055,-0.0585109455325985,-0.08734707729739544,0.06317314428372423,-0.03041749944435923,-0.07650691548507549,-0.06239581366267355,-0.15261654220194643,-0.023223709384654012,0.08991297117817221,0.0,-0.17213848261828246,-0.04075810800788204,-0.02103329163737666,-0.031408564537360406,-0.07649127027290337,-0.08365465332904465,-0.11548224753544223,0.0,0.004868439134108948,-0.032406097126710054,0.0,-0.018308217779455238,-0.03365145469962688,0.14175550618193633,-0.017320459891039697
16,3,-0.13068782279718127,-0.127107328451192,0.17913421529959422,-0.06029529195465688,-0.020383484892017467,-0.06015647790517842,-0.09742091840284461,0.057271215189363844,-0.038635392469732466,-0.08721533683797822,-0.05774437097916851,-0.16295630960635865,-0.026115397140272,0.10143918133769492,-0.006678626214730976,-0.1682005802575991,-0.03777340677444818,-0.028167537158351963,-0.04338524264405408,-0.07651878683383107,-0.07699536083453895,-0.11293287602571345,0.006180640565850437,0.00981740178480478,-0.03158725265351414,-0.008558961349049321,-0.01150488369492686,-0.042981553939741346,0.1274448517114633,-0.013408209820433115
16,5,-0.1314979267597387,-0.12265745582477583,0.17338385271701828,-0.05957734270948578,-0.022539024473173352,-0.05363660766331463,-0.10577163175166693,0.05005270121391747,-0.03220306276590573,-0.08718731782459643,-0.06521173766179189,-0.16255053179471513,-0.03158934442001732,0.07816565758437616,0.009044006799864834,-0.17701437756069183,-0.02416904608964021,-0.027910911949519335,-0.0326630045391354,-0.07202776716448,-0.08425842702948949,-0.12003540282278413,-0.00934598540265219,0.01385598228124818,-0.02951679767860549,0.0,-0.016256828495177178,-0.041296104844824544,0.12331424021605297,-0.016906093815424406
17,1,-0.21746434935179554,-0.1487036563954396,-0.1769120162083741,-0.07833050561648269,0.15700741497153642,0.1272336166812329,0.030719218739553078,-0.1534631977510773,-0.0672379454852281,-0.044608690246154326,-0.011650326846846415,0.023425870062085408,-0.01644278518801967,-0.25844751545132705,0.025495834571623854,0.05129045824462397,0.03339264084294391,-0.0758158683285296,0.0069051660905047885,0.014358007452430877,0.0,0.018449249136308132,-0.0489807864827323,-0.08544605237030423,-0.010997245343511541,-0.02270630084360259,-0.02975688845847113,-0.0679553162429366,-0.012989511507571772,-0.053634139485634336
17,2,-0.261889805377317,-0.2011200495588925,-0.13910896614383494,-0.07063569622822141,-0.07773940698363313,-0.0823084677778072,-0.011550856277699917,0.07297538910589613,-0.05688550586993857,-0.07955585588804492,-0.07759976662635049,-0.016200325073710498,-0.006711949079684532,-0.016137600577285638,0.03208026644990425,0.033720743492118066,0.06668090919874514,-0.10048105886279945,-0.07482009498066655,-0.03595650091242608,-0.024001859624294797,0.014961894258339492,0.04582577114570263,0.0,0.012295542664182979,-0.012586441020550843,-0.01960301966572786,-0.03239680656019639,-0.012057012202996487,0.03619235820734246
17,3,-0.26163543181699267,-0.21098857672241378,-0.1455860819075615,-0.09570887362389358,0.05511931923958602,0.04125635334066602,0.14448023756324657,-0.14070032921077957,-0.056443429913780596,-0.10972876504303741,-0.07148888638558604,0.08089250997888342,-0.03710008801581721,-0.05570564216496887,0.004799795860085387,0.08100484905673483,-0.055452897217022956,-0.07453727577831926,-0.03255434112295075,-0.010060824865539497,0.006758064046707313,0.019808030356992745,-0.0069103801995981096,-0.02895145527083376,-0.010263813874328176,-0.020024370098415956,-0.025050624341240613,-0.05501639452890106,0.028265737579091232,-0.03190798094940184
17,5,-0.2558304256034786,-0.1897502459416598,-0.13817715431996924,-0.0866167756948667,-0.052574172991488866,-0.06729264765485043,-0.0868762259010687,0.10813069313262524,-0.04211259286141078,-0.08373970629392002,-0.07554477966347906,-0.04497638687408645,0.053360109955155055,0.012554972453632907,0.009083249626361756,-0.03108453262848665,0.03252917965465285,-0.08908708454755954,-0.05620452797751929,-0.08055873471759234,-0.06238738916942954,-0.017471159504232836,0.02565196277562576,-0.022535852979741033,0.0010382400285871007,0.029521839758754442,-0.019256432219961317,-0.02625912487345128,-0.001611180009815083,0.024801548785293503
18,1,-0.12794215802620917,-0.0732932132428783,-0.17314891683854372,-0.07659987978593247,0.1530715576710301,0.11239161498905831,0.029337005856650167,-0.16103549759302588,-0.07740553684554152,-0.0560423532601555,-0.018904393429859723,0.0242564546499201,-0.00590459547082528,-0.24368677195227617,0.025624692965347695,0.05025713543518662,0.03727347846218071,-0.06161462082915642,0.0207460122404709,0.013604542544112697,0.0,0.027898443041064702,-0.04290876776280572,-0.0593992342852524,-0.008638323376523038,-0.02225783844320306,-0.02592310999779246,-0.0807510608459785,-0.007325660986472193,-0.044330732807631446
18,2,-0.18547006739485905,-0.14375443296684054,-0.14017095862700957,-0.08633014600511957,-0.08771957552775056,-0.09027617849218006,-0.03535145556081587,0.08982624838265085,-0.05864450048877479,-0.07638997046940976,-0.06643571284994326,-0.019307459559868678,-0.0031337105163962153,0.004350104157156309,0.02393007497381383,0.014921319592862026,0.049074724055368835,-0.09755975717826676,0.017264997810534255,-0.03880826741755394,-0.033140104179134044,0.014692721382049467,0.03717496874493986,0.0,0.015148802181818466,-0.03051477985748363,-0.024665913704734588,-0.02686154411851338,-0.02742888600038207,0.03914996710775753
18,3,-0.17005948651146097,-0.14427452501208343,-0.11864822845737044,-0.10055053049438217,0.049847158853593476,0.038907886333279185,0.09929511208841008,-0.12061141776036322,-0.058347577308749954,-0.11535885908862503,-0.0629284517712112,0.07900505747730241,-0.029908779503731053,-0.03979671225850284,0.01510038607071168,0.07430669946909829,-0.06847596108080867,-0.06266255757761488,0.02123009734452183,-0.0005257765678074455,0.01361254273371676,0.03132347830686935,-0.01178258757445333,-0.005091930364098468,-0.017053996220979584,0.14235281854499374,-0.029919388011672432,-0.06042500759515024,0.01497202444585527,-0.014846831864545385
18,5,-0.1853101627482695,-0.10986865781810329,-0.1337982966440462,-0.0798412702551668,-0.03213025190346769,-0.06782038142178304,-0.04962613141352018,0.12632482676486007,-0.04791810218663972,-0.06459774856941758,-0.05642515186482344,-0.01925564757814413,0.0551542624264833,0.0,0.023115255813029145,-0.02866779370100464,0.051018945445192976,-0.08814326575668618,0.013504135787666904,-0.07691779579806585,-0.07386672191315002,-0.013656352759904344,0.007769503142650125,-0.006632134418913416,0.015746238891305664,0.16634404125310903,-0.02022494748315684,-0.015291604138215287,-0.03798990537773078,0.00957228181640346
19,1,-0.23552622289370873,-0.20735899138154634,-0.0020826599675669577,-0.0855203013009217,-0.061004029939127236,-0.08172121765937523,0.07822534000619008,0.11087558115452545,-0.041636566209879655,-0.06310196442396798,-0.09240762403359448,-0.1747509097587332,-0.029779958587199618,0.0,0.02931235321494363,-0.11988719088514666,0.06333906803171646,-0.0658623690582949,-0.03252881502612215,-0.07550945313364532,-0.05432036861722023,-0.04971574097632969,0.03352058241367384,0.0,0.0,-0.027532484432199134,-0.006510994715048457,0.13265760158694456,-0.05878304458163336,0.023834636944797927
19,2,-0.23056635418643479,-0.20645091612370514,0.0,-0.03755365780590403,-0.053998967929824504,-0.0680878111326928,0.0945395457561039,0.12506843533922418,-0.04983573433557975,-0.0614265033066268,-0.08237261760735659,-0.1684148209890995,-0.026952708154796223,0.007692327629673701,0.011909026520728005,-0.1351226037364378,0.07027245618031086,-0.06944974416794714,-0.025206263685395025,-0.07943792331631827,-0.0652457053721745,-0.04890343513138384,0.039312030505145534,0.023348203220838526,-0.007925301201468227,-0.02970853665730644,-0.005102918909368426,0.13532104572342274,-0.06447328382529527,0.02922120723217092
19,3,-0.2343489613447628,-0.21252912519703304,0.0017401442612610118,-0.06933402975883574,-0.05514136331174668,-0.06586118089558646,0.12425413970506738,0.12091239938859111,-0.045547334620858526,-0.06810346317194765,-0.09095633238233425,-0.17464476447953203,-0.02137728059538979,0.005047817399282062,0.021185876830726258,-0.12066081019275965,0.09036831195817763,-0.062384587984047335,-0.024301998648764034,-0.06627826511643775,-0.05992562648888344,-0.0565329543857338,0.041619149812192,0.003228421626343514,0.005749897759235734,0.013732967054561396,-0.02380515949272255,0.13749377942202928,-0.06424387786129887,0.02189417638604607
19,5,-0.23969265707100862,-0.20801713918308345,0.0029202790457172334,-0.08941458770279043,-0.0568761192681444,-0.08348707739584038,0.060426017217568795,0.10223046299094973,-0.04884559938937971,-0.05232272609538624,-0.08589337124044294,-0.1740256431629097,-0.03479570751758154,0.02616383365127528,0.008793756806466435,-0.12652317936063262,0.07341503346567851,-0.05926589408761407,-0.03598978466366598,-0.06981036218475578,-0.04960457039372623,-0.050152772040295,0.04454563502417619,0.009565298525420207,-0.016782852370885892,-0.031004946536873912,-0.023348281797219816,0.1449828998662499,-0.060511068912008414,0.03291378489073549
20,1,0.18824631801923356,0.13115431716770154,-0.08042626785261991,-0.048877379719771574,-0.3386251574705431,-0.23532560173883887,-0.1286308155432404,-0.022174324305708204,-0.05481101892609863,0.01911128289520414,-0.010521912145251666,0.05329901083304733,-0.04564482415059412,-0.00913676401073682,-0.11317416715191542,0.03179651214321322,-0.13559881645582594,-0.038881227134086926,0.026462951041324345,-0.0147095988644802,-0.010053784167572521,-0.0020546278218495084,-0.10063933164778283,0.013458891344454327,-0.05490514089652754,-0.05567834396926574,-0.03437673255739793,-0.034931067742588584,-0.0537235201251387,-0.02106990589008828
20,2,0.17346738915753812,0.13752330501018806,-0.07560137935166089,-0.012614978634740592,-0.3263153310136997,-0.23785307294741442,-0.08229272226086393,-0.028105511762747615,-0.0665967487954181,0.01731544374480154,-0.01702724873741679,0.05908509022603814,-0.05487290240472048,0.0,-0.09718838612505709,0.03116541790920546,-0.12578567877295754,-0.04376338867722762,0.026180768021317302,-0.02208005707649796,-0.00498607883504143,-0.0016156652112679915,-0.08916563554376289,-0.0033849127805964385,-0.03485077615542542,-0.06019049470458038,-0.033978429688065304,-0.026622276204341766,-0.05492451939444065,-0.02758224460053582
20,3,0.18980680423888074,0.13564567882311668,-0.05690437562994666,-0.026315861428862553,-0.32497247980219596,-0.2222925436089347,-0.12913757783185575,-0.02803424541059174,-0.04278604839205702,0.022532242996965324,-0.006966409180827027,0.049816887805383736,-0.03365008834807537,-0.002199359545293267,-0.12540217964930278,0.029007192294960182,-0.15860115684385767,-0.0469024095117031,0.01704188120348671,-0.011760984400900232,-0.01096341551151886,-0.004084629382852145,-0.10014691386777685,0.012070400065666176,-0.06617186693595256,-0.014076770669450234,-0.017300650665244333,-0.016819302593065744,-0.05704549704918982,-0.024570012646726314
20,5,0.18124988936165964,0.1482202377423485,-0.06466265376402114,-0.059328733752671114,-0.3387069499695279,-0.24325540105386545,-0.10049778831227563,-0.01621368592999095,-0.05636679209224077,0.02095192113824551,-0.01553340449656837,0.05814478260449496,-0.052532821271849384,-0.012259589321633069,-0.10938885018966793,0.034037380785275184,-0.15169413884138194,-0.03544236980823784,0.025776052125742743,-0.010421290032001984,-0.021323257113004312,0.0,-0.0951234232146958,0.011924558528937923,-0.06969033937610059,0.0,-0.021452510014198678,-0.031929091945561705,-0.048069595539106724,-0.021148567753629388
21,1,-0.19809316416296963,-0.16995566458557587,0.24798070672836142,-0.04241205994470815,-0.032515066366578416,-0.055396816842445296,-0.04501894457168132,0.06666866299376734,-0.029331224560598723,-0.06902936697700734,-0.0597426959466717,-0.12604982850982277,-0.021444381519102274,0.004777036881858765,-0.0012561190403976852,-0.10256926915971865,-0.015546402717704744,0.10625618660409941,-0.14614763102322953,-0.06168437310486796,-0.05036090781013436,-0.06345279468479864,0.02823213721775525,-0.0043982298498180805,-0.02438086906082898,0.04749085774271189,-0.014149503816696218,-0.02305964607023081,0.11865532952959329,0.012347185898852864
21,2,-0.2106770518970723,-0.18445995726061154,0.2593617265215671,-0.047012293452095566,-0.03820717039360466,-0.04598255446512595,-0.0516476369177028,0.06972702342234938,-0.030839113461210377,-0.07919413310993084,-0.07037432814638067,-0.13701027021357193,-0.02468573041627803,-0.001421434136113675,0.03040524923058463,-0.13107613626489628,-0.0068901929289666985,0.1320222955361291,-0.13459712193150491,-0.06592833952612998,-0.05687191514083606,-0.09136808402123031,0.00841874656235142,0.0,-0.02389940628400833,0.0,-0.013300946047502316,-0.0073101886388867166,0.14328487905316578,0.0038483722687965294
21,3,-0.21208742420073956,-0.18271808374270482,0.2632923145050907,-0.0625412625700702,-0.03247556181507805,-0.04650668507894584,-0.05791876049853606,0.08089997052552855,-0.0418548759374216,-0.08140521776354714,-0.06572467459267023,-0.14531302062064638,-0.02810629493741512,0.01150771583029836,0.010771278860552513,-0.1560933133433069,-0.00835210118838664,0.11970581970946331,-0.13922173243409397,-0.06668212175888955,-0.06881956271970846,-0.10368912914677691,0.007083669207840981,-0.0037856402589084848,-0.02943592554081853,0.001141011360065447,-0.014529755858872506,0.0,0.10940908153198747,0.0
21,5,-0.19771492710464966,-0.1773409276040787,0.2710675184565966,-0.055363110814860284,-0.03403926100538984,-0.049078686764083224,-0.03812520373649869,0.06406586196971353,-0.028770639629466077,-0.07859029926808836,-0.062370027439331954,-0.14044395184348113,-0.021871488682851603,0.0062984615891098494,0.0045857544484632085,-0.11608044162784692,-0.019174164657430603,0.10798504266859135,-0.14604537717416688,-0.06316222299697705,-0.06233117960376772,-0.0647600848486165,0.022983975694152226,0.005558435460395639,-0.024803577125916187,0.028276782106245124,-0.02254213909853031,-0.005513322017308142,0.14778614328838507,0.019182945647522986
22,1,-0.2520282766705604,-0.2097059887349113,0.18267810015472752,-0.052403164088262566,-0.029012834003820487,-0.04226776473541083,-0.01945460725173309,0.0742293149963113,-0.03892456636605501,-0.05667090764294208,-0.04647308809964562,-0.09059320761357603,-0.01306815585112664,-0.08034244843063998,0.04016639664344546,-0.05873891302446499,0.0,0.19684638503500615,-0.07473294112479123,-0.036207557098631604,-0.03220404037292757,-0.022918542100040684,0.026444225859553694,-0.04217913916101357,-0.001517416221628265,-0.004708092508734163,-0.0157438116707021,0.014376796551273996,0.01708694413557832,0.026106593611732176
22,2,-0.24269948546568557,-0.19528781493343994,0.1528711573176655,-0.05561699502150669,-0.024849858856862195,-0.03233627924454685,-0.02843537561622589,0.08195662120912278,-0.04348606033602398,-0.06120446320172543,-0.050357019867440955,-0.06876519483231847,-0.019732189275972395,-0.05599314453201726,0.052025726618683155,-0.03610940833892651,0.01422954372928209,0.14895000270088563,-0.10181658468137472,-0.027503387688920355,-0.027409015196135922,-0.019289700252387715,0.015019598697416425,-0.04116447324440878,0.00031849560096613994,0.17758799394394706,-0.013391869922704247,-0.0009594764105727571,-0.0034288107653532296,0.025306906494949377
22,3,-0.2440512186265228,-0.2110578420106261,0.1904011948211958,-0.07547125888459172,-0.03272549101210126,-0.0503928198279171,-0.027857011422544375,0.09384440844253317,-0.03849952670698642,-0.05072423684078503,-0.055375376607500915,-0.1006503035413776,-0.01618640915913655,-0.07652228246746506,0.04290626494758332,-0.06207716368114369,-0.01102081857151671,0.18411037096937333,-0.03545411762735978,-0.033344517210947056,-0.025051043070522916,-0.02987896745891977,0.03721396495919094,-0.039665190645092,-0.00876579528541055,-0.029620157728088792,-0.019093515015754348,-0.0011657428136656045,-0.027985372158447763,0.03889905533345672
22,5,-0.245452500929638,-0.2029183813859406,0.20697184058793977,-0.06601645537063949,-0.03145912346050861,-0.046702850208513724,-0.018499153780782346,0.10235633561310215,-0.041122762851190486,-0.058758053862730086,-0.05639112135140206,-0.11095772882173088,-0.01306763619111595,-0.07499717578269233,0.039654267895119444,-0.07272683804817698,-0.002673852080575523,0.17617649137566874,-0.0483842573579048,-0.03499855792641271,-0.030430753877361938,-0.035155053677912274,0.03641465912389946,-0.032930696917466196,-0.002234924313570863,-0.018620925107316333,-0.01377261714011535,-0.00411596324174629,0.005552342644729202,0.03472044342540981
23,1,-0.16724423720154352,-0.1610895500759687,0.181788904991247,-0.05137028852739922,-0.031767230140646974,-0.04239447181750833,-0.06653699069065927,0.04570940419206426,-0.03405228242120828,-0.07454985419286875,-0.05711469835445804,-0.13146683914323298,-0.02521869365877283,0.07004805290838567,0.028313829937625656,-0.16973721162143707,-0.028850606368251874,0.0005135373976057345,-0.12168233271016926,-0.07275630213457507,-0.07594881878905091,-0.11160201744647424,-0.016983780064991127,0.009335894013638546,-0.0316058818970969,-0.009936264283360474,-0.024212797740250647,-0.03872782735682734,0.15601895676337602,-0.010427404358901216
23,2,-0.17513746387340445,-0.16538697315959316,0.18551580043744154,-0.040709080903636785,-0.02738368067163255,-0.04350724955262386,-0.07312542919447251,0.057305800125942885,-0.034122550448606015,-0.06945134655533647,-0.05674140427892749,-0.13655809223550874,-0.0210711582115094,0.08095554570261698,0.027106393751011648,-0.17223946533217327,-0.02502339234226092,-0.013526625032294903,-0.12978269993298774,-0.06322173918589125,-0.08244072061968921,-0.1232315804170343,-0.011641803984316024,0.0,-0.0322344313931312,-0.007098675972412316,-0.024344852213564194,-0.02806669848620469,0.1557095333593379,0.0
23,3,-0.17267885662637117,-0.17018780044391557,0.1908155153748058,-0.06759957274285322,-0.0331460157592145,-0.049773274066129414,-0.06957613606828261,0.051190876712849276,-0.038037059242997384,-0.07900410800942104,-0.06527957031885534,-0.13673575659883452,-0.02604563916902025,0.08392788419564723,0.025160497862534104,-0.15197775024436516,-0.03259422670820489,-0.0108895142075075,-0.13568182868981726,-0.06549769345003675,-0.06618984824322638,-0.10943102505100966,-0.00612536498339511,0.0032301939132083346,-0.03362517923350783,-0.009279074650967445,-0.00981482173701409,-0.03838258681826523,0.16918013343450922,-0.0007960624059497601
23,5,-0.17200400822534778,-0.15599381391821043,0.1760663598615304,-0.060303028292203575,-0.025651511683647876,-0.03880258693952088,-0.05675882248409159,0.053110565573063984,-0.03410629466565562,-0.07923654901005361,-0.05418036178795127,-0.1365180287675588,-0.03169168682760526,0.08656566206260824,0.03544298162336246,-0.1714043745192777,-0.022449071658558584,-0.015793544390985015,-0.12971134814020413,-0.06470852682989847,-0.06877016083028897,-0.125678324530348,-0.012047774481333762,0.0,-0.035280966795647295,0.004447684081089975,-0.020175410213241096,-0.04247434454080207,0.14266817300712725,-0.01360385320792079
24,1,-0.14897173621089915,-0.15116233380561037,0.17270444011769653,-0.11084565981131779,-0.04573736617400792,-0.06578291023546275,0.043270339849585546,0.09761627050934842,-0.0400390102896057,-0.06346640781595979,-0.05984321785024188,-0.06853493522398182,-0.0279138660297161,0.1485372674127486,0.02265040690744572,-0.024691381886101964,0.10568790634003371,-0.0072284012162951074,0.029439893978305213,-0.04483239415888449,-0.03979648573398271,-0.02850937176841433,0.031223185408845194,0.04986538811485878,0.033363970701702036,0.060110504309172245,-0.0152472828560243,0.21789906166272827,-0.027222998837783167,0.0371161022448638
24,2,-0.14605580653894384,-0.15133314691290117,0.18523581330562325,-0.10010192537143191,-0.05008567487220335,-0.07289686280277342,0.0472698590692269,0.09987834746763415,-0.04218085843367138,-0.06761498437333731,-0.058380373469016617,-0.07081608080610563,-0.03202513632343218,0.1880224859752872,0.020818905998381,-0.03190630010515435,0.09166332366127788,-0.005552127784947381,0.027003553590895256,-0.04874370158938083,-0.04060395083108119,-0.017865560575437724,0.047144238428694224,0.04373425174800241,0.017638535987388647,-0.021463699468487717,-0.01620667876590309,0.23760525963271129,-0.028482553119493867,0.045988407741796786
24,3,-0.15044531547764112,-0.15618677821814436,0.174196647733481,-0.10911815552673938,-0.04778950169755068,-0.06273102457108257,0.044422388292757166,0.10283015363668718,-0.041316334086193104,-0.07040211939910576,-0.06335924086664396,-0.07050141023608979,-0.03511631913785411,0.1552000790478926,0.020308098639363656,-0.021507941436876017,0.10303648712042969,-0.0026206348145495703,0.029763597550783946,-0.049398890510471145,-0.04254182652442629,-0.024633320766031128,0.04237253027995509,0.0519922263113528,0.02841011851322374,0.03520555006184068,-0.0109033691424539,0.22962764746281836,-0.030646586243372086,0.04059010007572507
24,5,-0.15481035570790203,-0.15463766047100402,0.17904820475880093,-0.10567173859896761,-0.052345294170601075,-0.07259014813815466,0.04690041884168979,0.10248071726668352,-0.037452899563791345,-0.06833795936348898,-0.06487532069024537,-0.06697349552799606,-0.02877238125160182,0.1650861341045905,0.0214395980916365,-0.03399679936525327,0.09886796830295541,-0.0039001696577002105,0.027745920681067154,-0.050712218130030226,-0.03470365899057839,-0.017793478281584903,0.035830280986722654,0.052779511533848876,0.033045248046557806,-0.001858749536431968,-0.01087612213000882,0.23496333439438133,-0.033471340573613284,0.03915132070048352
