f_id,i_id,pca.expl_var.cor_init,ela_meta.lin_simple.coef.max_by_min,ic.eps.ratio,ela_meta.quad_simple.cond,ic.eps.s,ela_level.lda_qda_10,ela_level.lda_mda_25,ela_level.lda_qda_50,pca.expl_var_PC1.cor_x,ela_level.qda_mda_50,ela_level.mmce_lda_10,pca.expl_var.cov_init,ela_level.mmce_mda_10,ela_level.lda_mda_10,ela_level.lda_mda_50,ela_level.qda_mda_10,nbc.nn_nb.cor,ela_level.lda_qda_25,nbc.nn_nb.sd_ratio,disp.ratio_mean_25,disp.diff_median_25,ela_level.qda_mda_25,disp.diff_mean_25,disp.ratio_mean_10,ela_meta.lin_simple.adj_r2,ic.h.max,disp.ratio_median_25,nbc.nb_fitness.cor,disp.ratio_median_10,disp.ratio_mean_05
1,1,-0.29374730537393845,0.0,-0.058367557399284176,0.013642122336896656,-0.06940471650299745,-0.021669315021325464,-0.007393615621925309,-0.02137725032670551,0.007537946441384502,-0.0011814206504696667,0.017750332603539032,0.005372947704715969,-0.0050298442448613034,-0.013742655076761368,0.008453948968508151,-0.006144119809747939,-0.08053235312989943,-0.00177093152210267,-0.057723737963985944,-0.019141414669668455,-0.004652297014449858,-0.005547499919538845,-0.012416427290685872,-0.02243278062335352,-0.03827886534365543,-0.036693992326751135,-0.003063465313398017,-0.03610813798706769,-0.020740007814861405,-0.019630908789272206
1,3,-0.21311927946898296,0.002010899594388993,-0.07975907371743807,0.009455929418995812,-0.07133843805253304,-0.027677738171538346,-0.01454978151140951,-0.01576571243508923,0.005582540944411796,0.00816303989601258,-0.047988677471853536,-0.012911051708322963,-0.05475547409977288,-0.008920202638700914,0.0,-0.0074953777321298265,-0.03390730182364776,-0.011888884368997266,-0.045579825470418,-0.013828327699825227,-0.010241242959794894,0.010739364195900103,-0.019081104487203238,-0.028116757679245152,-0.027141404263195112,-0.014828449772092689,-0.015194886933129426,-0.013924968663704407,-0.02175123511887811,-0.030219899454214105
1,4,-0.33330559123592624,0.009292887572867836,-0.08988000797802198,0.0179990921949561,-0.08845391479302611,-0.03012325171339919,-0.007482264156286944,-0.014930458554682946,-0.020137079109632805,-0.0049619500547969375,-0.016808242544630314,0.0,-0.033834482773150654,-0.011274118278894851,0.009552910534707304,-0.012897908591869511,-0.006675145028557372,0.004361459696920478,-0.02831143924712376,-0.002493699600144894,-0.004916366089392721,0.01143437430511507,-0.01104375071500241,-0.01580973854039891,-0.04768991028599456,-0.030101164659020685,-0.007217367132219432,-0.020788191579266313,-0.010158557916383815,-0.0073794456279931975
1,5,-0.2733831827158143,0.011189947106014564,-0.0917839507103651,0.019684209929451968,-0.07508018095244512,-0.03289309946584068,-0.01075740830006211,-0.02446257974070093,0.0039961861005477495,-0.0005819316984738698,-0.01803772092620315,0.0,-0.02914585035752648,-0.015438544550520739,0.0005783399233961761,-0.004799737134336068,-0.048204287003723034,-0.0035777765471438627,-0.07525205591666506,-0.008919422962199774,-0.0036526175936718586,0.016989144748637885,-0.01444918586969457,-0.015157302428708275,-0.03203980195547135,-0.022531218334605363,-0.00270617915170146,-0.020531728245998915,-0.016875281334885583,-0.01621010556369784
2,1,-0.03102862548465557,-0.5312506376026485,0.04739222452403652,-0.21824760476256166,0.04022780051663882,0.0,-0.014119849080772573,-0.031252305544088366,-0.04715844683050219,0.0,0.0,-0.009198342615725108,0.0185893627294747,-0.025624601005782677,0.0,0.0,0.02427422766305387,0.0,0.0,0.0,-0.006836842992172576,0.0,-0.014978781174535716,0.0,0.0,-0.004820900110526494,0.0,0.0,0.0,0.0
2,3,0.0,-1.1668748293641253,0.15311657561537706,-0.47402339932573556,0.14875777637017223,0.2514977160361394,0.0,0.0,0.0,0.0,0.0,0.0,0.0,0.0,0.0,0.06433343451308515,0.0,0.02181927357726876,0.017183296733099374,0.0,0.0,0.023421962647077132,0.0,0.0,0.06199430459863753,0.037230265047481115,0.057510302021872906,0.0,0.0,0.0
2,4,0.05097072081536691,-0.25533401528904875,0.11016254440410533,-0.5491825626318866,0.1377290494438409,0.0,0.2238237922882803,0.06925301096893832,0.0,-0.020530358476358757,0.0,0.02832947532322072,0.0,-0.47954357498154565,0.08937978170366068,0.021313209330711125,-0.03015820634606242,0.13546592593377538,0.0,0.021247497143855654,0.058462736437292995,-0.5141830749582682,0.0,-0.014767706732284336,0.04866732546177788,0.0,0.03333975804418704,-0.025338351334020626,0.0,0.056859702047475036
2,5,-0.025029431724334583,-0.24980244912515492,0.06651311252853026,-0.7857190293180203,0.07032726112817489,0.1119017949335489,-0.00976548766607832,-0.010683413077627768,-0.08244895563784072,-0.00869762762403542,0.0,-0.017530688082739276,0.012822200505829606,0.037910463630505875,0.008698956493463472,0.029804078754177454,0.01309914893415104,0.0,-0.021399629728320158,0.0,0.0,0.020237320863766062,0.0,-0.020849113716299383,0.03055943803576705,0.016954285343422415,0.0,0.010674112679340875,-0.012469862323064962,0.010860192663187829
3,1,0.14612514055825093,0.020417133158024042,0.0031893129412610133,0.01668126033889486,-0.0014458624613502002,-0.020366523584902124,-0.015522622791979523,-0.015938499883028395,0.030517226634003525,-0.010686967205068898,0.015474272461819982,-0.0022342588346302705,0.005638596716419142,0.0,0.0065212670257612515,0.001233654465249423,0.035900872297407016,-0.004282169868956409,0.03764038526237792,0.028656851319449395,0.02431300629278932,0.014979730605571673,0.02958969396153252,0.011651541926577469,0.0018636233320792894,0.009450083818017652,0.025186250018748635,-0.013890097066958929,0.018846639740129623,0.016850907582300345
3,3,-0.20026192849294483,0.054977652508372554,-0.022026503717426205,0.02264758056878563,-0.02402935446044724,-0.03843086611591831,-0.0100806961008586,-0.01352060331241739,0.038895843627683224,0.0038243298755727406,-0.04587760853474454,0.0050182877419284455,-0.051723920222367714,-0.02902124243546267,0.005187648440647508,-0.006736203272712238,-0.004717333512628125,-0.0037625412017285864,0.0,-0.015688451385802882,-0.008767175545700695,0.009449060537747328,-0.01124793084914627,-0.010481108709450015,-0.00755429210752917,-0.013891321626417263,-0.014099490751956656,-0.014949886341659557,-0.011170060089673944,-0.016428363031014748
3,4,-0.1442904138661725,0.08514206910204355,-0.013817554593038454,0.02208642409428773,-0.016510354471756486,-0.023875438059177148,-0.016296504757992776,-0.014470679483153226,-0.00866247280404861,-0.0020383530650882192,0.04219399800677813,-0.008750640923743433,0.021716776953677783,-0.013209687690227193,0.0036373361568803053,-0.004423437145741227,0.023378397436483095,0.009206578888570308,0.02879713118910837,0.027857753989024014,0.017018021231329932,0.013825800907125978,0.015222729936126791,0.012473361477071135,-0.003898424780577489,0.008731352274696944,0.017785924844558723,-0.005633223080302785,0.01142886802545895,-0.0014846685006135174
3,5,0.15476299617161085,0.01717908586734481,-0.012836094606444675,0.01849776236315897,-0.0109312406447421,-0.013305137341094207,-0.01616731427337442,-0.014749620805443328,-0.14458699984925033,-0.0015061753717723406,0.020878144529570142,0.0,0.007755282810552291,0.007667452087149798,0.004810337310189456,0.0,0.03718015085494429,-0.008118899087719606,0.027150167921983076,-0.00625866385222996,-0.008636740704714756,0.00879772955028773,0.0025088482945338705,0.0056961466110416635,0.005710218912442482,-0.022059545398786504,0.0009926365344775992,-0.04488292864225579,-0.006680745712076041,0.0019261164329422657
4,1,0.12241352032738834,0.012134657450237063,0.0,0.018325995287810204,0.0023544820403686717,-0.023506714571854798,-0.02506706772377998,-0.022893886711576494,0.07275947875124766,0.03746058047793821,0.022131634498151642,0.006763112782249392,0.01319581292821198,-0.01136887446679527,0.002361320492219543,-0.011394111246432748,0.05764388110302332,-0.00908146757071665,0.059754741477552054,0.024986114034668216,0.02504937714347172,0.024930923158195117,0.0247511273529471,0.016167594812846575,0.019718185549773448,-0.008111371743287743,0.028772105894809663,-0.005633133566553261,0.010964173219699141,0.015033935746636917
4,3,-0.1344263178836532,0.08930916519916311,-0.007085823030876674,0.01973177685949965,-0.008788100685005018,-0.019672393804697236,-0.014226440930881525,-0.02142584300649669,0.0179819052056863,0.0014318113025788906,0.01784228072146682,0.001162239442574424,0.015268062132657662,0.0,0.009420871420551834,0.004390420806683108,0.022617783285108634,-0.002930636799961757,0.034124246520762236,0.010900574707892498,0.008488046006166955,0.019530500936998256,0.01242112952162535,0.007343858105485365,-0.0017581684796491026,0.011706814164697443,0.0031895715798458193,-0.011177539725329817,0.0,-0.002229122281304702
4,4,-0.052773726694659615,0.07635783185246735,-0.009201421646391122,0.020969554375968202,-0.012917692483890547,-0.014962001819885926,-0.01220295115616915,-0.019921187414699254,-0.02171260032500369,0.003755498623268322,0.020730156610543893,0.0035552272739249116,0.02871074058180592,0.01739596569862574,0.010156022907871959,0.011451893898306933,0.020060807881581613,0.0032845693460239744,0.01974881339271363,0.01155214675746774,0.005478631132640965,0.00940945619132616,0.00415474731968038,-0.0019451573205202244,-0.004427976811268254,0.06789264727729714,0.0057552901453316735,-0.01850451781473475,0.0012987013848820145,-0.0020243679713112805
4,5,0.050915944947355934,0.05393215543352989,-0.010717336926444776,0.017479974843555207,-0.010804606676511022,-0.01663958928629007,-0.018239963661148217,-0.022986353716957342,-0.041803218062017714,0.014182406243249679,0.020804660167190223,0.005448042891026711,0.02068873407559438,0.009318707402688933,0.007973569769634536,-0.004417627821424491,0.02639098611517099,-0.004930092064856222,0.019922720366402025,0.010141608187964543,0.0050673778587870255,0.01601192534007223,0.008876956943042927,-0.0017310530750755115,0.0030743859819645086,0.02662810403445802,0.004102157502218914,-0.018388942666206817,-0.0012683586572336258,0.002091825692216387
5,1,-0.0723223347167215,0.013292198134957356,-0.051670320728034236,0.023717843545052797,-0.0641861452325207,-0.03416023198628171,-0.012916146232519354,-0.006942309585192374,0.021761981299682542,-0.016719584698288104,-0.16104275753585318,0.008250473907741251,-0.12135078450870951,-0.007328678312927384,0.010363113819295333,-0.012985726261334596,0.0,-0.03435788592881611,-0.008113211996917002,-0.02753287339151822,-0.03337241984198869,-0.008537232830838515,-0.0252195772260585,-0.02381647422350991,-0.04369463883699565,-0.005995558174412718,-0.037291617076043115,-0.020734022124398732,-0.03027457915824594,-0.01699143592415764
5,3,-0.06397503852308006,0.014021646201198834,-0.05130243440548932,0.019202988472878546,-0.045454482038836064,-0.03569613908605246,-0.03485781216884731,-0.01632375667594732,0.010677867067994617,-0.008614157708388914,-0.16299792131263235,-0.0037418985079902267,-0.12999384701536643,-0.018763728692625714,0.0,-0.017556559398767768,0.009439915555842171,-0.020644597983554502,-0.030138250905510477,-0.022357798181524058,-0.024381705824521482,-0.012340061135919567,-0.02998041458103695,-0.017677678483291326,-0.024062498134281185,-0.010877847966424437,-0.04715543822045687,-0.00822439764762406,0.0,-0.016394888525299467
5,4,-0.06313715807308601,0.014809900767203232,-0.04814397901428924,0.015541410381587295,-0.060791195320680114,-0.038583175587221075,-0.030231684435243655,-0.027883839361964036,-0.011369292757518246,-0.02285922143462432,-0.1608973358595559,0.007076223378958746,-0.1151107029978009,0.009970879022766999,0.0,-0.01508661165487829,0.0,-0.03443723379070629,-0.020298020973090247,-0.033246543207050394,-0.01484362741551093,0.005273406626267685,-0.020399001436955888,-0.017214312299963175,-0.022127574126274974,-0.014769123596952483,-0.03137614217305701,-0.016656500169311528,-0.009265846547975354,-0.02410891082572597
5,5,-0.053189671972285246,0.018662017640231288,-0.04733158477447119,0.018768683135765685,-0.042458972928219596,-0.03259507875938106,-0.03254823384587929,-0.02602106568277912,0.004716695502367196,-0.005736518227784426,-0.18154943446888766,0.007146554262911664,-0.11391600123964751,-0.00696500320312432,0.0043956349162181385,-0.018770574930664974,-0.002869177894175179,-0.01002171927563078,-0.012450562627693118,-0.032661972404166684,-0.03510544985384173,-0.004692945235820922,-0.019612829296403067,-0.0176721787922981,-0.03891301315416518,-0.011560087926531515,-0.02085904230529967,-0.018206517407281686,-0.038124729851221395,-0.028684081717730514
6,1,-0.08917056508716659,0.023070105538329944,0.0,0.02244915719424767,-0.0020374618701247404,-0.06437625991450763,-0.02348310349375482,-0.027218562590959283,-0.00010806067175733736,0.003611363632346265,-0.034731001172931375,0.01074919701074678,-0.05323146765920023,-0.02346818804732348,0.0053560074355865905,-0.028210088678028378,-0.020512343619765783,-0.0043077463047132,-0.01991487097865613,-0.03241748144913398,-0.031137707004729676,0.011423252108420906,-0.021707400594116633,-0.024602326106814953,-0.032361632060089185,-0.011847369262619478,-0.012495772394491955,-0.0025173416179751495,-0.028993004544230483,-0.024244583111317608
6,3,-0.10911451176992132,0.01785900587260275,-0.00724819893036624,0.012108453398554875,-0.007415818073828462,-0.05556521595521968,-0.013629068232178743,-0.024247333342113014,0.0,-0.002372940465743989,-0.02863513469484069,0.007193069803979657,-0.030507894945103864,-0.019595836805555045,0.011478558784776133,-0.016709942614563766,-0.0244983498735471,-0.010649965800269778,-0.017736856839736526,-0.02435041059703963,-0.019779438850772657,0.01091440875853994,-0.016463247373300738,-0.022576955047626107,-0.025791232844765255,-0.01071550534580562,-0.015618988882727225,-0.023677098204784197,-0.015882299698164598,-0.019457833380322476
6,4,-0.10087080414691568,0.016520176359495542,-0.01005570173346565,0.02028201338489083,-0.0018297763375535459,-0.04436088255513024,-0.022044411224659888,-0.018639836314277736,0.010533229596034893,-0.001001160394658085,-0.056599165373497046,-0.003785636483955551,-0.055427085809830245,-0.02737230285521544,0.006380297899481385,-0.016869025179667874,-0.01593215659777114,0.0,-0.013480518569702338,-0.02431538630228136,-0.018787027703081605,0.024423365208834757,-0.03009502581742074,-0.025934710526114402,-0.02915696367109047,-0.007435929693029281,-0.02368868222860565,-0.015660864795824403,-0.024514993519862416,-0.026716289929856418
6,5,0.11109042300341895,0.02991535030970713,-0.0022435929218189293,0.02218163969888387,0.005441959077877867,-0.04873819511368235,-0.015184693113432832,-0.008289245798687242,0.09654540846047258,0.018740127627711017,-0.014637436274246726,0.0038401152800794647,-0.0024508255120531675,0.01532225808791729,-0.004768678768819687,-0.0060366365548145395,0.0,-0.008483596231085501,-0.001716492774854736,-0.01927827617409099,-0.015598089754391892,0.025705130759394568,-0.01873162095196533,-0.016751844210201934,-0.003056135104190283,-0.0038159501400491652,-0.017276226877188265,0.012361876932749372,0.009476942758268991,-0.015062857654698392
7,1,-0.004624579944282781,0.030500907985542947,-0.08877308751886703,0.027829668659735435,-0.08051860354065271,-0.002593878093797186,-0.014071658638503015,-0.020536315211331868,-0.01780501366177417,0.005219955495304018,0.01199179858912193,0.0029313356993129758,0.013071841966409703,0.0022684886603348553,0.006137622060935932,0.0,-0.01894691834454157,-0.005320530013419589,-0.01205566229161431,-0.02915051596984683,-0.03143771556864952,-0.005825969586984642,-0.03642509367735508,-0.027693160174714515,0.011515846439036581,-0.013975695157420559,-0.024864541402162293,-0.01516289366234519,-0.023771084372808005,-0.02627855568523918
7,3,0.02351961204306055,0.022430159277302908,-0.06482961625025585,0.020995850471050348,-0.06252987041936181,-0.03972188300714502,-0.031183684297262704,-0.0021752055079023447,-0.05431560792905077,0.011052284529094847,0.004376237877557809,-0.000908108436729449,0.004670456498936215,-0.01060682209334074,-0.0013075086048522921,-0.02287722153280214,-0.00815937205489764,-0.02189144074645455,-0.019106325796313328,-0.03579153714510375,-0.03769390591758487,-0.022498769923286865,-0.04669331345965755,-0.02862644932969921,-0.006609797955780317,-0.006925678132626956,-0.02869736981375237,-0.016245173232112692,-0.0326674682092766,-0.043513745958734584
7,4,0.06301707497919085,0.023331944101342372,-0.054748245808709795,0.01719577887285867,-0.036872297074332594,-0.09214562275830254,-0.042287182693803466,-0.06562429475887416,0.017094817445662325,-0.013757317450824424,-0.0069970201918336805,-7.720002872801945e-06,-0.0017502039197422326,-0.03801738490822881,-0.005509031240999551,-0.06351056349944628,-0.003968512482698694,-0.0377527371595161,0.014034291492737272,-0.03755266248131828,-0.035102049763781173,-0.02850058572708608,-0.04195179325783094,-0.041319295954577284,-0.009560956500631435,0.004990169999496696,-0.03337878633546737,-0.038700299114052705,-0.02547300946055081,-0.03583609855595682
7,5,-0.012421339716260499,0.030575245945779317,-0.05184027753682366,0.03736972283262624,-0.057320883285662594,-0.01205548934558387,-0.024526525319816334,-0.02878511537141587,-0.010948514344094079,0.0,-0.010780521263637599,-0.0038621747577415044,0.01619212793217084,-0.004262093800482064,0.00395371393861238,-0.016850154435919473,-0.009666863352489424,-0.010578860916259647,-0.011902212357989383,-0.025280808805379362,-0.01765157693717395,-0.01988497125316044,-0.011481691797057214,-0.013641813356858767,-0.011103411312450573,-0.006524433225219034,-0.029397966533909803,-0.01935769620114855,-0.020398780714324327,-0.03593064166890647
8,1,0.1328832967275223,0.021292836247633867,-0.011996700441173125,0.01942259862082263,0.0,-0.033547121379520095,-0.01285824165907895,-0.01186779745938732,0.0211636627378132,0.028860313187833636,0.05233498225411065,0.004018646762660227,0.03742159983655707,0.007333783017466677,0.008228811520935936,0.007604090096618499,0.04568411037990891,0.0,0.05833366649016866,0.0068411548729982175,0.013782201043702924,0.03209822714976751,0.00799755862033269,0.008398337707880954,0.025082023044061846,0.0,0.00517579137142779,-0.018052349240733567,0.00563665975203248,0.0
8,3,-0.13348345085593333,0.014491408738199537,0.01378559996439421,0.02053319671054788,0.01279260313803235,-0.03191028193210271,-0.023153395046770466,-0.016266664555230126,0.017540037119409213,0.004909406763984764,0.02651691724920438,0.0,0.017089640338669516,-0.004327025509037798,0.012697011415625696,-0.008231000868187262,0.03622162664094438,0.00372534030265424,0.03189933652201474,0.006787341336457101,0.005506766024437951,0.00838681019810839,0.004254030102986837,0.00418442120325317,-0.010325940258633442,-0.011664401301641075,0.004697788132586459,-0.012432167957035943,0.0016758632609435989,-0.0015618272979214575
8,4,0.07429589730164163,0.017550058281450134,-0.007567702782809256,0.021509681850665804,-0.0020248968637084,-0.025567446389089414,-0.0119547900054611,-0.019295260974366474,-0.14457052397837897,0.010171641926321882,0.018548231135564357,0.00446226644471847,0.008629692936429753,-0.0015139471207111371,0.0052119246755998,-0.006886372055682009,0.031629377324099595,-0.004556919510623807,0.02998824181742664,0.003186188661050783,0.006289756923685927,0.014104196779490976,0.005636628502951879,0.005432140144498625,0.0009242976022898648,-0.0005064340244796059,0.001798602116570052,-0.014094272955086647,0.001287745462620558,0.002286423125647842
8,5,-0.12019517636902625,0.017600153985439272,0.009667242516363785,0.01738723512396962,0.006822577811771811,-0.03417312045595659,-0.015122818757098373,-0.01894773971065391,0.016937168453879034,0.002287141774989882,0.023981835777458754,-0.005018845536747753,0.015083287977244998,-0.002970137316928286,0.0,-0.003788809382998082,0.029640622473399568,-0.0038988464583255525,0.0356002108040258,0.008023082187251604,0.01111210734515127,0.01316171458011363,0.013283680408693575,0.0010431925977790477,-0.007971187484947337,-0.012672188244455802,0.007223662563458327,-0.014687650152134732,0.003528168001581739,0.0014024250666617817
9,1,0.09339757408871793,0.013351972104015342,0.02611419392560181,0.015706534135801732,0.02040357436273378,-0.02987288189215688,-0.02582261403897504,-0.022202845571877794,0.040022835081035685,0.0243249692735963,0.015568817800600057,0.010657706639713271,0.019026697240281415,-0.014045714165282608,0.0012548379394025644,-0.030457539509313854,0.026097370572147213,-0.011096167174144286,0.01822892517946334,0.008403268283729518,0.0040743136208163805,-0.007161507195006828,0.0,0.004427585289561116,-0.0038430563615050872,-0.017195847298418526,0.002077297835043901,-0.05255320984782918,0.0009117949062200856,0.0008976228431172295
9,3,0.07933695051049677,0.01733244376212517,0.026179371563232412,0.018094176085323918,0.01702981493701889,-0.012148456482594008,-0.022022288893329182,-0.019444531465223923,-0.05243445437778734,0.0272667040327592,0.015816007652985756,0.008177253634954071,0.013447249560886415,0.003887876267973024,0.0,-0.01646751328752312,0.029038600246077073,-0.012044117219731733,0.030069993639922875,0.010966568997889087,0.006305036085412066,0.0015174022376501783,0.00685330867397986,-0.0026400214165456792,0.011180875740869026,-0.017301933343151034,0.003899718006875677,-0.041989762977987385,0.0025012809517531154,-0.0014785784657566636
9,4,0.0708471315115867,0.015852028876584295,0.02721133072266345,0.015514904202003285,0.016582045485661473,-0.015084823293494573,-0.02360169509209252,-0.018324271750893184,-0.0720753219005291,0.03679888378840784,0.01591422203527111,0.00701839807682425,0.017715802468667774,0.004672065625906274,0.0030113742205036542,-0.00756699908883391,0.026960313182390644,-0.007050491841572082,0.026567194851639053,0.007509522888614013,0.005433606769198497,0.002693418777007364,0.009592978497166602,0.0008192111160131021,0.006206315586070238,-0.010593667700863514,0.004598131349000806,-0.023023560071847013,-0.002192837287494205,-0.0022371391142494423
9,5,0.08275150075661955,0.01057304785845526,0.025291575502862026,0.014539467978627624,0.02114178716322431,-0.018557568118630192,-0.02942288691564593,-0.020529221590054283,-0.0050445126409621385,0.02542281768362553,0.016398888235823292,0.010609320841425865,0.012191766525868043,0.0010518066032123297,0.004512909997453102,-0.01864501257553447,0.025280703248828605,-0.003074628666646706,0.019223808314047908,0.008036969086206866,0.004837821253906235,-0.0012866709170481216,0.005359286190627421,-0.0022465114449033707,0.010562769552782944,-0.01981394807597503,0.0,-0.046872714360442214,-0.002808356414670074,0.0014447595854701345
10,1,0.008287937714031912,0.0890284335524969,0.5690216350130073,0.034521081323784175,0.5165078088788964,0.9165765526702634,0.028794129218687736,0.05285065301291492,0.007091097546839231,0.002229512386096033,0.06443922573714289,0.0,0.07118543211281025,0.04076445186903843,0.006594508547246747,0.22653586491922906,0.05674870100500429,0.0,0.04551611477401529,0.03900072960524881,0.05852347029789429,0.0,0.046091573924255114,0.04205941178495487,0.03235057076311376,0.07047134326280435,0.03258696532904981,0.040701539870581005,0.08361926477090575,0.07389245316499649
10,3,0.08461946456135028,0.04178885379007413,0.31759788307777015,0.05568105551802516,0.35733538708476664,0.049355926640098025,0.32942916960512547,0.3924709170997551,0.09887704287270416,0.052584600767554335,0.049994355526552514,0.0,0.11721753778971,0.15619722488791266,0.09100334403753396,0.04197106803453199,0.037184412740031814,0.30777086059551895,0.04026461466105047,0.09358633083244228,0.003643285879685765,0.007111642482064751,0.05646569549068614,0.11028220600832794,0.0,0.026742388232441128,0.05582555313439119,0.04206437091876891,0.0707321757322128,0.05620072577799551
10,4,0.0,0.05572650155683001,0.33303066768411704,0.04281546118199375,0.28358945386806367,1.341526660679936,0.04525989012372689,0.025876432570523855,0.013896361590101325,0.019608007980740583,0.09836426963936762,0.0,0.04539197254303562,0.05406437777900752,0.01629886833195404,0.23973706250117788,0.0014063900844734079,0.005343698560607679,0.0412321129859905,0.04881707613538655,0.039622201296989346,0.03315394424120166,0.08229243199623393,0.04193253963439214,0.07700096492161013,0.07549430302739202,0.05007663668344797,0.055897060840603086,0.03856438728203426,0.04997072733436969
10,5,0.07245429074764842,0.03332475400261892,0.2567320538089939,0.015032693989191825,0.2593152972306929,0.054134796017027975,0.3453462012000119,0.5642465453517787,0.0,0.029160572479420166,0.05992328232567967,0.0426521655633727,0.1021851215027465,0.08251458232378384,0.15539811261940883,0.05559702234977548,0.013286586221612051,0.2226005155674773,0.01978781138781338,0.0818920091381603,0.06787433285318434,0.0751170677590911,0.0596863301692061,0.12110649467968715,0.004547326746749736,0.01574870355503477,0.12957634021788422,0.026754453501011577,0.06680718039834188,0.11119545007167675
11,1,0.0543802926557202,0.07025272005818683,0.22640268641022643,0.0,0.0890418511274651,0.01486282853890164,0.23869842395781804,0.40349285139727065,0.02847986699495253,-0.3773091054587415,0.03988154912935882,0.06843421359546054,0.09812195081304709,0.0,-0.34630196931839324,0.07470301803313284,0.007434336449226753,0.13303431359214218,0.013809878112069685,0.028959044455739158,0.0,0.04230957623171194,0.0034096158574015156,0.16218514285788177,0.05725178778005302,-0.06366171420971578,0.013262952274591622,0.0,0.035931966271450455,0.07508266804101482
11,3,0.006376232748610766,0.0,0.18940129200405048,0.0614011419820889,0.19722548026320463,0.05421487777257683,0.20349648620923222,0.0,-0.052052460138564016,-0.040569456022633565,0.03042886932765465,0.08582429236521594,0.0,0.027416320123481386,0.0812773367530657,0.01784565426500062,0.0,0.0,0.04248328201549967,0.05193237641183779,0.057453303996579774,-0.17493475593123303,0.05502454108857391,0.05060455799628938,0.005550218667472295,0.0,0.10205203125439255,0.03482437320184606,0.0,0.12771063328364063
11,4,-0.08881041067271472,0.04283889288355647,0.2053336206330918,0.03547134769308402,0.1680255797925787,0.1432081531778162,0.05094334444886095,-0.04626834089325582,-0.11147035916223624,-0.03732468197172906,0.028022992652895207,0.011587794032752119,0.09033145905751161,0.0,0.016491522529986535,0.10231561262688893,-0.02573882929666982,-0.10414516012031705,0.05521492582075693,0.04508103690506582,0.11299030991057579,-0.019584267943574263,0.045616834060620226,0.08530501593403006,0.08310035423616124,0.007002653547822368,0.10393638822059414,0.024737017704664854,0.100373301565297,0.0904005222637696
11,5,0.05733856453830877,0.08103425963936939,0.1307029194759844,0.01878029005065962,0.10482049564534879,0.03794922529527933,0.18856775503113388,0.4686191030967587,0.0,-0.22017313143615896,0.020736102166397208,0.04587945815323491,0.04497870631873546,0.10299015823326174,-0.4113361445358747,0.03217138833876554,0.02768914382667681,0.09775119830075707,0.0,0.026258672557731844,0.010402485442746912,0.0,0.047730474009140544,0.038342049067282113,0.01364470148390362,0.04925558835324617,0.047746904949395985,0.020929395724751387,0.07199726277819729,0.03734371914293977
12,1,0.05983476815140386,0.029191166006488495,-0.003095330518286872,0.02283504649659901,-0.010795519565003173,-0.0334802900255049,-0.018688438940619452,-0.021070145765754743,0.01855954347215335,0.007210751567386896,0.012091289803980249,0.00435878064558215,0.0114996042979425,0.004167254952110372,0.011345850601206652,-0.001396493747561671,0.012372040253115356,-0.002345340451609959,0.011224057143810154,-0.0020596906712241347,-0.0037545528454431265,0.021055832542552694,-0.004579358778415636,-0.010532251316971435,-0.0017995955144426909,-0.013182805490688475,-0.002283631403763725,0.011420197947084446,-0.011092103057851535,-0.009003882477908065
12,3,0.04153453291495055,0.03295722715033803,0.022142631473622998,0.029965314604008718,0.027704248283598493,-0.04615130977724505,-0.008941678494204013,-0.025995534287726264,0.01750976664754131,0.004050147036867003,-0.012385180918023996,0.006828885253581,-0.02056894394751269,0.007060379317785595,0.012028528645666704,-0.014379088240143759,0.014489747811321892,-0.0031135407526928,0.0,-0.0094174583652653,-0.011415828895270319,0.0049831191637727396,-0.012479245582656121,-0.0153763375013092,0.007019952222315284,-0.029574020214152306,-0.006854347263314754,0.0371521457375541,-0.01444299722647797,-0.010088395736317049
12,4,0.0463007577853599,0.029970452056424027,0.052955339843678756,0.032491401070782785,0.06831680255056186,-0.03948881703474673,-0.01905445944607556,-0.018768938047914005,-0.0375349657617418,0.007332774318207343,0.02637786896517151,0.0,0.025900882139318224,0.007294493262751493,0.00727382216859454,-0.014093852002487459,0.01797561701069482,-0.002136923141408495,0.00244547391297531,-0.0055039234014541,0.0,0.015295862163667712,-0.009066029749019155,-0.006976788357413735,-0.00452939360077001,-0.003443543854205991,-0.018704245900022745,0.005428246586435592,-0.003899790884076798,-0.014415735746015818
12,5,0.05947037078911534,0.029710065206183543,0.0118068985482205,0.0335842617971506,0.01295801493724364,-0.04455285845580918,-0.017046062665591187,-0.024509085954637175,-0.0060897554022029815,0.007861054210752436,0.011373316222082444,-0.002233926457798449,0.002189305313689792,0.0077497190787953404,0.008974556778383172,-0.009776106688907299,0.01221368735775355,-0.003017890839639714,0.008525706818032948,-0.002828205543962986,-0.0029047067264274737,0.021666407201968635,-0.002037694614959479,-0.008264076058046313,-0.004931552961070458,-0.015242382935342975,-0.004294828196259065,0.018478904918382763,-0.005174170511056661,-0.005652211855676742
13,1,-0.24854109253156256,0.007890566958497186,-0.03788201857803794,0.01706129064017492,-0.03939653086819794,-0.027620352903909906,-0.015086056519008628,-0.014849346731434121,0.004800476676027315,0.007814774026369431,-0.023907043883677703,-0.0023052942972039137,-0.03616316283508547,-0.015762046122079182,0.0045773465213616304,-0.0048138081352532,0.01100291342891585,0.0,0.017751144257226792,0.005213918079784635,0.005997073106652928,0.008696836811930064,0.01389377962278443,0.00731829479522228,-0.022724921980869534,0.01657084500741174,0.005049104360617895,-0.00990402215049005,0.004313913777301448,0.0
13,3,0.0996603218251701,0.01568292519984302,-0.024533061784188397,0.019637231844599028,-0.0325850909620867,-0.022048789588870295,-0.018281602184794014,-0.0236684945390024,-0.07479684034532319,-0.02053341298882026,0.019845754193882778,0.0018654987248653615,0.010911836444715222,0.0028231265541232026,0.0,-0.0029226176956947576,0.0021207695594172293,-0.01780915881385059,0.01954623479126425,0.021393894963978678,0.01644128610770114,-0.009650572341452533,0.013706030254739232,0.006915555141494589,0.009700126305426842,0.008937717968024502,0.014046667889923358,-0.02922784277951672,0.00803525469339035,0.006356969087269147
13,4,0.1014923447740079,0.018415848145663112,-0.02828488541597571,0.019721200796388845,-0.025298318173811257,-0.024813133008765385,-0.01609941620164689,-0.0333359452609218,-0.05650674279153314,-0.016482090969250757,0.018440497298901563,-0.004045186977766272,0.0063549823976420255,-0.004715571452140035,0.005405479473782511,-0.005552094546047498,0.00886749136075747,-0.011584183503733383,0.015012939152519186,0.019401223767033834,0.012358049851179328,-0.019289122322017266,0.02103271284944587,0.013532829926280153,0.006232374589778249,0.007868363341529083,0.018384229696092706,-0.03856955561935313,0.005825105985185157,0.007800290363003708
13,5,0.18424705826090515,0.009677668265129169,-0.009793208299052697,0.02020926082089025,-0.024961539253654935,-0.0206529035886604,-0.017008383403843086,-0.025266691044160405,0.0656645178945453,0.02624623685682409,0.0072265571551417,0.007566858707819812,0.010380296989592197,0.01647026506512425,0.0034305061790942393,-0.010871491380709808,0.04169618748998688,-0.011336432031444799,0.0505838373593519,0.03512171939260067,0.030701770975691017,-0.014700729314231858,0.03827081017356118,0.02290623379190415,0.011516323373791604,-0.008276713590611662,0.03150356386611619,-0.04500173276556102,0.02432905596804985,0.013734637983758957
14,1,-0.20992113224595976,0.005256265643952762,-0.07423527021159254,0.031158059150805828,-0.0578246527673954,-0.05495046079529775,-0.010866508625381133,-0.02393520681471001,-0.007857344131973032,0.0,-0.012501210477991187,0.005864030968762035,-0.02526956545215986,-0.029339348261286702,0.009520634744884848,-0.017059314789066304,-0.015074428752663571,-0.006754874356098728,-0.0234478572560044,-0.040058451030540954,-0.02306681184693954,0.007945740392171552,-0.029592606412871758,-0.028919389160840803,-0.001080187311922165,-0.05914116352327031,-0.028324402424812878,-0.02899471514136931,-0.030170903272451366,-0.02471111209086052
14,3,0.042680802760286074,0.021975688047551123,-0.08650186146067701,0.023527711093122017,-0.057365458905639655,-0.07145748515642908,-0.025467337315948524,-0.03722147486555594,-0.033370432137520056,0.006359908659396618,-0.02616412640542287,-0.008407651107006697,-0.01680550050698504,-0.026209951439091883,0.011934240071511115,-0.038400756282926274,0.004098771732638284,-0.018394402435518764,-0.005888119403484882,-0.041649525565595924,-0.05276829606798278,-0.04270289190978205,-0.05315353101307663,-0.05228363755942195,-0.021226958308217303,-0.04173526110282011,-0.049620786310056564,-0.023191163666943515,-0.04128785027258275,-0.042794452266069816
14,4,0.03561162113405486,0.026420880148555426,-0.08009071701925069,0.012821511693556387,-0.07639410024010163,-0.05870545877697225,-0.03013906065565558,-0.03223105997481568,-0.041006239461735206,0.008845267053116612,-0.018136013321622235,-0.007932370988868176,-0.02066358706599608,-0.02396290007208285,0.0,-0.027080262355696216,-0.013927113608942499,-0.024581952407739194,-0.019838558964461517,-0.05463744314918961,-0.06962518419931002,-0.019519935054602255,-0.04972174511326399,-0.04062047873103508,-0.003531669413070593,-0.045971587755751886,-0.041987111380875186,-0.014879754038616189,-0.038392034932709124,-0.03361473044717045
14,5,-0.11526667633959653,0.0,-0.05687271420840756,0.03166772434226339,-0.05290708703317093,-0.046962568976393615,-0.02204216759752331,-0.022986343522376385,-0.04772116851960584,-0.013237081218231805,-0.04240780431827601,-0.013611274245737937,-0.03790042804519567,-0.03012398358315932,-0.0027269920151009597,-0.008770261990557526,-0.004215697571554766,-0.012478331614940552,-0.00797305459523523,-0.0222305239345294,-0.0370362227796755,0.0,-0.04551739915915742,-0.027595911521456018,0.0,-0.052438355509325296,-0.03526535183988666,-0.030587472389335957,-0.03064882357101517,-0.015496214495700933
15,1,0.2419330150335327,0.013585090534346533,-0.00829492210866245,0.015187550573969255,-0.003539685282526739,-0.016675014811319,-0.028653475255150163,-0.010095383124929913,0.04837795172102849,0.035568638795947405,0.012589649641057354,0.0037220622672567982,0.01093841380398397,0.008395610557362987,0.013994092603371366,0.013614937124453608,0.06419882848881908,0.008858878895656341,0.06277253424436857,0.051468571948241115,0.04552452059153772,0.025484467747805994,0.05883251238378917,0.03554871578947555,0.007369183321741635,0.02045070903748586,0.04218509910012247,0.013294231107283061,0.028614443914171783,0.018584858857025432
15,3,0.16869878263681395,0.021197568034840117,-0.010582205027611855,0.024713930756087174,-0.009658174151668718,-0.0251724326770063,-0.020813862101792355,-0.0089714776386118,0.09561885894508079,0.0,-0.018329663594662503,0.005914703337437696,-0.029728716136994543,-0.027441249128406224,0.025005185587625586,0.0051559306707641,0.00984079135789967,0.0,-0.003828275561201175,-0.02670854204047017,-0.03592303657564982,0.021656858660387565,-0.026573393982680202,-0.019872699398014913,0.01427425699714404,0.01400620602767462,-0.028216764633837717,0.04099413180851853,-0.023330842357172955,-0.0034250317482833192
15,4,0.19330047042633952,0.037203780682277976,-0.020015367238429616,0.02649245500876668,-0.026335409217706607,-0.025382682950507107,-0.01415652650970517,0.0023265938646229722,-0.04003574379022046,0.04069343874190623,0.018395932104348145,0.005859941398185631,0.016483857956764658,-0.006001794461572008,0.0013497929948461107,0.014928144236335261,0.06647637393689387,0.0,0.06833992002239225,0.07125857761600862,0.05562154494284077,0.010970262780535645,0.06999885457669847,0.05674960599536932,0.019889032725494915,0.07169547630030343,0.03605767031184831,0.019434054047398452,0.02228698447169808,0.02976407269131942
15,5,0.2336933550357158,0.01947094257835086,-0.009471824185573852,0.01724444736929409,-0.006738279373783462,0.0016224501812917569,-0.018977928979880432,-0.016889836571351957,0.06694306980429277,0.03352812021092333,0.01567581650859451,0.0036882134394849997,0.004572498111808598,0.02538055341508222,0.0050552986656488,0.01725214656743701,0.05910404881717213,0.0,0.06258727346908255,0.04507839121641838,0.03888409220932776,0.012628662043417838,0.04552700217010752,0.028386951339456568,0.0168978670515747,0.02514778241520721,0.04202673566303183,0.017941346654588575,0.02668401203920412,0.020892879635321715
16,1,0.04689783891292143,0.018455409495818753,-0.04216240375339414,0.02841962009461471,-0.036282332927169675,-0.035667615211392376,-0.02258171245300282,-0.026104702293909487,0.015689254705174682,-0.016518663891433583,0.006221454288445005,0.07173856338851423,0.012112990353826875,0.008259557476491028,-0.003282838792578305,-0.009812211551977063,-0.02102442304005739,-0.01076986087022204,-0.013388277936511525,0.019304835607899,0.03043171684472007,0.014291341941538555,0.022308359374208803,0.02729133922215002,0.012334904608017519,0.012078278050535227,0.03898449083865235,0.06419681062918467,0.03195818950378182,0.03203823610660697
16,3,0.030777154640819315,0.029029872153985323,-0.043148188857846395,0.01637438665179977,-0.03495090477110413,-0.04138601106950769,-0.00942435494475094,-0.02491539774461156,0.02250078464008458,-0.03420071118646664,0.024662565185721574,0.06771263566745207,0.023880272695162214,0.012915726906950226,0.0033400376365027157,-0.02914453132492248,-0.014980698377372412,-0.012875346314724076,-0.014121049221364312,0.019713924916628503,0.023856856382648367,0.01041013024366251,0.03487671410209531,0.02471653725975896,0.016857255073219765,0.0023314038152927874,0.02973115719342824,0.06792886473865715,0.03178855480790069,0.04116050782235389
16,4,0.03654372075804324,0.025625664498897527,-0.03620089438367444,0.031087844773867834,-0.02413377587090601,-0.04533105319723346,-0.023911324922653326,-0.02878391401330184,0.007744494914478595,-0.015271506724233691,0.014327403947857253,0.05918035204573274,0.02286206133351837,0.01872769720870157,-0.006633803540218031,-0.013630115778491464,-0.021364569980501347,-0.0019354659833226984,-0.028177952627329902,0.02466106458038772,0.028158830642653537,0.017484527095244243,0.026524404841058086,0.03911348510468168,0.015640021992026076,-0.0029786426240189234,0.027209662599831624,0.049474507374781235,0.04980693574316458,0.03232488842070522
16,5,0.024364222328717877,0.02368499439325672,-0.023614842177318518,0.028121144583834218,-0.03175221678652716,-0.03659845445054381,-0.016487021683242273,-0.030344425685956092,0.0024859857511419503,-0.009891515285660818,0.014448922936754788,0.061670244184011624,0.010871418418972212,0.009106961147611212,0.008543364897609262,-0.017252064960932442,-0.013344341972316126,0.0,-0.012232183815444497,0.020916088751662607,0.030710471496023684,0.01880919240536788,0.023135261780338506,0.03164096083693124,0.003310203369529502,0.008143922749989485,0.02840767504492009,0.05256139611339883,0.03320258586647254,0.0278670912686437
17,1,0.07663432129273492,0.029430838039537333,-0.049942618383410076,0.012036418408371441,-0.04971290740391837,-0.025611517038283904,-0.028561481847884873,-0.041786630827117366,-0.08589001872066981,-0.006860210982327364,-0.03287533326515929,-0.004566355152313184,-0.031361813179536624,0.0,0.012724623512203437,-0.020513921678141367,-0.037576404713596134,-0.009906864594640963,-0.04419546306341765,-0.02934348363320871,-0.05220321821401924,0.005570156031063478,-0.04681017942112298,-0.03808317181784904,-0.006704567273304207,-0.024945286892499585,-0.044502958585925345,-0.020294549818555607,-0.01603475216183503,-0.02178384598883798
17,3,-0.07759950239191726,-0.003412013233449973,-0.07291830003175187,0.03790000634579821,-0.05743163646957386,-0.05149452008958383,-0.018133981358017137,-0.03548550431143915,0.0,-0.01801706965460198,-0.009414681225612564,-0.006615705268643635,0.0,0.012762911281039069,0.004361197983158621,-0.011337586534547583,-0.01662246902048653,-0.01394191455634003,-0.04713656640568398,-0.034859271108167666,-0.0359630121074776,0.0,-0.03240843719366321,-0.02416942271976341,-0.008390488647150779,-0.010266394290656622,-0.035278809018996216,-0.03016079566759486,-0.029064804855986393,-0.024688482303006465
17,4,0.06323730944308112,0.016310711420456286,-0.06447459511467368,0.021328075012143677,-0.059782494693705446,-0.04565259427488305,-0.014093485715139686,-0.03680896890242241,-0.05939573774798923,-0.0059398711776184054,0.0059602657270009796,-0.0052997547767546505,-0.0011394894189484805,-0.005560489391292944,0.01202943849428606,-0.018097683583990526,-0.07564613511699164,-0.004087999988871993,-0.07158360333634259,-0.024671206119269512,-0.026783015990816228,-0.002901151444285599,-0.027590519116816425,-0.039837948001819,-0.009285108547802956,-0.019129936564255157,-0.01976011692832308,-0.036883583948414844,-0.02792394762070427,-0.029153449710427548
17,5,0.058867200658542784,0.009670734548006987,-0.0773569743562445,0.01831691146617792,-0.0579546496830633,-0.04509500350507012,-0.011993729563089306,-0.04565383167295678,0.03748094756650022,-0.012772849282133902,0.01968651600549942,-0.013029616305791913,0.013515588114233035,-0.016191870701016797,0.013021201583428677,-0.024485517595404627,-0.10860031973431927,-0.019328111086848065,-0.06886279239702692,-0.02852302313169358,-0.032687853061519445,0.0032286461768317176,-0.013563392573929411,-0.024816284207984984,-0.008591908875110077,-0.021925946649342665,-0.028744760135440972,-0.07111649390212216,-0.02793570432112452,-0.012331295698471578
18,1,0.054494884382007835,0.01751784116129551,-0.03511781179589163,0.01666707916457516,-0.05347089809816036,-0.06476413874234571,-0.015271834476686064,-0.026758373843739358,-0.03469642727616479,-0.002909354540088338,-0.03615947624902355,0.0,-0.039636775367195454,-0.006348420372956909,0.008522230703213785,-0.017439594151366006,-0.04223600421424417,-0.019793164002859354,-0.039382100661191355,-0.03141132415693815,-0.03815125995671231,0.019222092796491758,-0.0322554617845395,-0.039525738198107285,-0.006008758715195184,-0.042826843557785266,-0.036512151598104114,-0.013616909195790339,-0.042147469305485574,-0.03365503532067737
18,3,-0.08559511822846433,0.013437574667111096,-0.03968329965701445,0.021332839564510542,-0.04707146837837581,-0.07793204100031437,-0.024133854321627235,-0.028231498494816987,0.028093053227964626,-0.010540151030340783,0.0,0.0,-0.004438093486127115,0.0,0.0,-0.02324382616131504,-0.02671767194297503,-0.014864072660100425,-0.03316463786939128,-0.026448864115685644,-0.030730434111233773,0.0,-0.03233907576170314,-0.019243880450090733,-0.016315089468382005,-0.03363858088752408,-0.03149754454264764,-0.04107310672779413,-0.0322586315748245,-0.03348977944295417
18,4,0.06663189061997427,0.015347046666796621,-0.0632159823049942,0.00483705744617674,-0.030094980928578208,-0.07128852601511199,-0.027480673666194777,-0.0534283976559623,-0.002806772066875407,-0.011429629028569532,0.005157553418644878,0.004915667183185479,0.0,-0.0025383356290525905,0.004155307493087124,-0.02409449582742179,-0.10982100153225716,-0.018120939330055263,-0.08214789732020905,-0.037176328690996074,-0.023565007078846956,-0.013088850280884745,-0.03274141138009107,-0.01902339669564762,0.01200851857895352,-0.014735388834533736,-0.020682674926542022,-0.029809558708635497,-0.0166978718416802,-0.021682008799269847
18,5,0.07015184277369746,0.010186040643450828,-0.05682454349745558,0.011866972864613412,-0.049861851900877885,-0.06851022206368512,-0.03838046643049725,-0.02904333297302908,0.0438523010643006,0.008124694607862137,0.007946752985532823,0.005183431273952904,-0.005468210282808805,-0.03596805079151055,0.0,-0.061558529511895166,-0.05034535966493725,-0.00757872160437828,-0.058880060734310014,-0.013492839335065843,-0.024770131601500267,-0.003076616643788721,-0.035030660925512325,-0.027719795556682136,0.003907358484108281,-0.03234766014387397,-0.02877354430160367,-0.08062017030309965,-0.02166523522692293,-0.02907757352456808
19,1,0.09631229794453244,0.010686753549353917,-0.04671622228979114,0.019631433278927468,-0.04695481491152359,-0.0388658397210427,-0.034826787892700425,-0.023559332008052186,-0.017059899370464898,0.006748134714455747,0.015444505176093679,0.012609759521802974,0.014550233303906937,-0.02547653974363956,0.005396958192369794,-0.03967543660776654,0.028439469226046024,-0.007633220837892737,0.025844983355515647,0.011048988950775301,0.0,-0.012513107195415998,0.013342429552454904,0.004746158051193022,-0.0523851642100116,-0.016110310715440085,0.0019636633248848318,-0.08712881356703778,0.0,0.004031964704841573
19,3,0.09725080276421774,0.0171033611654528,-0.0582881056760754,0.02239703251233853,-0.04819321568349211,-0.022126572306606793,-0.021043509133349125,-0.026712266415583885,0.03472446138545401,-0.002599090592510192,0.0133585167462177,0.0164012451979461,0.009710742521664623,-0.03323418627169916,0.006625612968761518,-0.037922787221759666,0.003453446018551312,-0.007757565362889879,0.002902777046029051,0.00522424869394339,-0.010554932782955384,-0.01790710076728376,0.0,0.004411658685297026,-0.03876394705767143,-0.020045689041793782,0.0,-0.06634913729748904,-0.009268776863360584,0.005674209480457715
19,4,0.09234106252304383,0.010985834828449559,-0.04654750153950091,0.019383422243456724,-0.04299468480275831,-0.040591555254223644,-0.03015237677355298,-0.017546491360937583,0.06120166565484095,0.023231636490696997,0.024155304516697527,0.02221561845369323,0.010310860193094698,-0.0480664496120065,0.009804068204821187,-0.05152022128320871,0.011723441091871137,-0.013627022797094338,-0.009258264354927326,0.013273051044343703,0.003185976500718349,-0.01723745254454992,0.0,-0.003586655170434161,-0.07750523357968306,-0.029142112066817882,0.01410774887675996,-0.08189322359819437,0.009865605928052718,0.002355180899160453
19,5,0.08097401603119005,0.008820661897831941,-0.054262417700501275,0.01474205266665811,-0.04428354271946586,-0.029918512287611387,-0.026900547668273822,-0.030253687684639152,-0.06874131612978893,0.01167386401783331,0.016976206408030797,0.007616890571145146,0.01659153719323561,-0.013944891382217064,0.01092632583104397,-0.028235370863179857,0.0311379480562441,-0.008402289480043429,0.029318501415343146,0.008681032714380588,0.0048399544981502785,-0.012350657108481475,0.008330639033270373,0.0012791042693033328,-0.03244246091237778,-0.006010826621025575,0.005068825995126688,-0.07741763839053606,-0.003986401637929848,0.0020652437636591303
20,1,-0.28124402841263124,0.011699024197629637,-0.019962728838738175,0.023730944604141657,-0.018536896628234517,-0.04904998321590287,-0.01747369062379922,-0.024972023695040424,-0.006866489118105834,-0.005461029157399655,-0.041900184745260194,0.0,-0.019944780061220968,-0.0068669083262906105,0.010313475095511726,-0.02466797918868152,0.00876040035300929,-0.005197433546602237,0.005914787546878381,0.0049282256865408325,0.001952724282389351,0.0,-0.007928910130173716,-0.003848105611931052,-0.02588941252921023,-0.022840439927930223,-0.004733493773123182,-0.01911946410224341,-0.011359878261369472,-0.018349203764318034
20,3,-0.3029770273403042,0.013206508497506764,-0.03171785205016869,0.014168015013361068,-0.025708584033197146,-0.05380184417520045,-0.02490747601751714,-0.026065249774859023,0.006649281690636666,-0.005739037765425115,-0.03607539967414086,-0.0017633443551894334,-0.018935592804792734,-0.009993849766317342,0.011943106267781334,-0.03661252609415455,0.016225123213763903,-0.0006983522285089472,0.017474139890860718,-0.011235693042766337,-0.009473350301639094,0.009729271243001603,-0.0007236644732601105,-0.0037117513453706064,-0.023292416020182505,-0.009953759979945909,-0.00487481642319032,-0.010811447015522835,-0.010219161133320664,-0.013427662325097955
20,4,-0.3332278865793554,0.014380765042830368,-0.015066159330870577,0.020274323407360406,-0.014144855193237882,-0.051326188115093985,-0.022506290962699016,-0.02878392270570851,0.011450366613204033,0.0,-0.04736244067883094,0.007498623029537965,-0.02446411780143387,-0.004715087224741288,0.0,-0.027404128349474643,0.016556094665673038,-0.0003945386530222472,0.0,0.0,0.006013651538529924,-0.0014052343565320036,0.0,-0.01082059070848157,-0.031216029425127467,-0.015372834976536298,-0.0007032858502771244,-0.009970305091483334,-0.004717489010329673,-0.014549144998475594
20,5,-0.2906542266987216,0.020417237696480184,-0.021407704989614862,0.014853153689162235,-0.017313868718929537,-0.05856216664701991,-0.026370744458234674,-0.023943930588069873,0.006499158322371912,-0.006943006409035168,-0.03938240482980293,0.0,-0.014566975907480573,-0.005907300963850004,-0.002739333230079688,-0.02220009171558207,0.011580050791090923,-0.014461376445335461,0.016188664360627936,-0.007673245432403664,-0.001965699474608451,0.004132022500395072,-0.00528944782597271,-0.010304586908719437,-0.026159317035396756,-0.013226219051060528,-0.00715221049061654,-0.00711004129264009,-0.01637808141109376,-0.0172827191590198
21,1,0.028886407535247516,0.02145329531265433,-0.04582329931791636,0.023620069351568934,-0.04011496689577854,-0.03569256865707457,-0.016548439323577857,-0.028050999423790357,-0.04055780310593739,-0.002165816825716871,0.01658119472684219,0.015175835069206778,0.015282577709583342,0.005531011667128327,-0.0026895969324444713,-0.027309004152105798,-0.0367070649815765,-0.01085946503236973,-0.03176805615383588,-0.017334754696539084,-0.01946908224780819,0.002161839616493605,-0.019055989614252533,-0.02727179988103462,0.0040463821315056825,-0.03330295135951036,-0.02718530728170815,0.03699966837889432,-0.011887702909368941,-0.01839323063702225
21,3,0.04336880650527136,0.024149749317662644,-0.051008783095651294,0.011840746199250213,-0.04263283527885385,-0.03974013367840154,-0.02504132212930607,-0.0353000610410778,0.011457714068767416,-0.0034789716571187457,0.0099545366215677,-0.015313304108053427,0.01330992599582595,0.01752088213312787,0.0,-0.01858331322553744,-0.05827471178295754,-0.019297132781965987,-0.04144509693277368,-0.031227667547973542,-0.03343047698014484,0.002266677067068179,-0.02528816864158623,-0.02430660466514384,0.023255839162307362,-0.020032197473660834,-0.023589842071220946,0.04315207436365631,-0.008307631359592976,-0.023222456040596473
21,4,0.04726476833091159,0.02655145845347187,-0.04536577459028693,0.01430027808908732,-0.038024326549367105,-0.046267603244029565,-0.02319403594447733,-0.022281330037236535,0.015424859448503692,-0.01993673469746607,0.011631597568112245,-0.0057836251499158164,0.00754228653091471,0.004477175494943697,-0.001834527163688357,-0.03506916213833505,-0.0560503719746252,-0.014903678815414378,-0.0383036069145305,-0.030637028821294154,-0.024466643149655604,0.010564180802655032,-0.02440864581379687,-0.015519832047391768,0.013767050481428567,-0.025134889298768337,-0.0230500410074847,0.038315682695222716,-0.01905408991767149,-0.019797149676927694
21,5,0.031295007852707,0.010661350696421129,-0.052269323705016996,0.020320427381088607,-0.04359047953234654,-0.02523841928156431,-0.01886123348810753,-0.03027597768101395,-0.020978166283971325,0.003660411608946895,0.013194457275667232,0.02008620757014573,0.003982974034753228,0.008869733121816742,0.008477716642559335,-0.020032946107805177,-0.06486899324010655,-0.022666026157464547,-0.051835583909815464,-0.013830982001879516,-0.011989957287730349,-0.002580662090734237,-0.021066989094219002,-0.013480968668299259,0.013879883772919821,-0.03786627203398876,-0.026500200039616922,0.055595730903534396,-0.0162937815074235,-0.0182465566796996
22,1,0.02941108445310124,0.022557684644157507,-0.061138338180298395,0.022392992515708587,-0.05061095127119013,-0.024457808380177783,-0.02632048357167207,-0.02558524133407679,0.012072018824644884,0.008322497290298034,0.0,0.02099239596314128,0.009153369077068436,0.032835028106864915,0.0041289367323533305,0.013177366896692369,-0.0315606378756891,-0.01362655169458743,-0.025850423475190815,-0.017949436294308917,-0.015875252323118382,0.02177396613456918,-0.014849287307133155,-0.024870969449268504,0.027681014470516754,-0.0009459702312138163,-0.014563998278947624,0.05331184992567089,-0.01911408949531926,-0.015199601338959146
22,3,0.0279022627216033,0.020848109227937655,-0.0631300575822597,0.018019648305424418,-0.04939471427290675,-0.018701667756864656,-0.02286922192394416,-0.02483757430628905,0.028784592003164668,0.0024991463081261503,0.006527480904486092,0.040321906242240135,0.016689317124772826,0.034218749188218614,-0.007748392036089329,0.010538121426424733,-0.024743273889380787,-0.014679135133609673,-0.016001996102071418,-0.01451189189827229,-0.011367924118212476,0.017343984482044984,-0.015148731939246273,0.0033672772584690813,0.027234372199869156,0.027541645492320983,-0.006311383878102993,0.04595902783649686,0.00197652084256298,0.011022228030134862
22,4,0.04653350798837427,0.01582687781252093,-0.06475538736006686,0.01991868855269746,-0.05020628604018153,-0.02484707997052374,-0.028068320594287127,-0.03114341522984551,-0.01712292018326017,-0.007619348840638418,0.0013342245429212585,0.029022893374809122,0.008922996936274658,0.022414242604403056,0.00880394045700822,-0.006158826915180188,-0.057989682205076665,-0.007329480092573032,-0.040617570443101464,-0.029458479975137758,-0.02941756491441544,0.0062634760140851675,-0.021056161286816588,-0.018072274539069844,0.012192248265979089,-0.023382428843682773,-0.02220525461919276,0.021559294488891476,-0.02081904690340139,-0.023602792308345055
22,5,0.04044112960827094,0.018555033661656194,-0.06234452089072097,0.01999214984695428,-0.04867820540808249,-0.025888483913291196,-0.0113371304928878,-0.02252116213361164,0.022207200269792157,0.003562948429590436,0.013819624496605745,0.02925202114464251,0.009318559540599285,0.019356743215824014,-0.002272061313795766,0.007829976325161615,-0.02059338951379687,-0.00797110185045831,-0.010898529250156039,-0.024166934099700013,-0.01873536145988995,0.016411464598069074,-0.021899081076275403,-0.02025943026365331,0.020573691291553054,-0.0072847407816267265,-0.021773454427096717,0.037917023143794866,-0.018357364422487213,-0.01896544974134763
23,1,0.02093212299761968,0.026462197942960897,-0.03324040747077103,0.030315270791838322,-0.03470029000557212,-0.03789758635236867,-0.02260450797882363,-0.029029891782101302,0.004356951958537164,-0.017206709220988825,0.008523977767669833,-0.21844675862982507,0.010832539280510478,0.009248514870497548,-0.0018410557846172404,-0.02310583204771377,-0.03429075858990269,-0.015390101443800625,-0.025663426414779422,-0.010054285233593668,0.0,0.006444901082054755,-0.01143597591864548,0.014657829445828635,0.011705380835971307,-0.01983096782730348,0.005300706685562345,0.02849916141567066,0.010143628937130417,0.005164440159254102
23,3,0.025646786682288675,0.029202001852066978,-0.03728731238592653,0.018427049606549922,-0.04077617278251522,-0.04576011331792362,-0.01748199857851296,-0.025832262097136627,0.004252206708732914,-0.014078364061617554,0.008278926420756283,-0.21639681484668244,0.011624883794387059,0.00867773607989794,0.009048328357204705,-0.015556396971967618,-0.025508389573571127,-0.009151113549579204,-0.029150694298090585,-0.021329409530652765,0.00629435626405761,0.012880216698648306,-0.014080029223456969,0.007508018479740808,0.003459851671055003,-0.015033295431893662,-0.0030126256708438437,0.028434729823911653,0.0,0.007038087638079282
23,4,0.029677037246442828,0.020163383436433147,-0.037506969706621096,0.0216311065376385,-0.03363850925311357,-0.05870805353151684,-0.015001345713838543,-0.02122646151600366,0.0,-0.009866476286493675,0.014886455324759212,-0.2133521943208146,0.008417881708013025,0.018773367592765322,-0.006820362739870467,-0.028909175525504538,-0.0248599996327597,-0.009089982581167222,-0.03244932914797399,-0.005596290251582842,-0.006466806816017162,0.0,-0.0034167673530254294,0.007304654434189539,0.0,-0.01909267468816933,-0.007565324739185586,0.03958089539950305,0.0,0.023470129880920065
23,5,0.025045610830561504,0.016645799962008295,-0.028305839730019072,0.015312491282810592,-0.044756871965144746,-0.046896566344236876,-0.007398226990211781,-0.03435583186067556,0.00413853554041782,-0.011616192695405564,0.007885283690550166,-0.21099344268796963,0.011482113454561266,0.016391947108254923,0.0,-0.02969474738370012,-0.0167279936965527,-0.004242567764113719,-0.026428056367108294,-0.003987264118851946,-0.008422538555078962,0.0078059729865636585,-0.00907212732403273,0.001838428773222156,0.016722013786445417,-0.017649072611252148,-0.0024169618786968883,0.03545081914425874,0.006761001921661736,0.0
24,1,0.09253667205457711,0.020375191027982242,-0.017222776480963042,0.01865830333965135,0.006033139271251431,0.007430342856570182,-0.011435738508436932,-0.007416531053674735,0.09175110909223538,0.1416715170470464,0.020018905179654434,0.03110124903990097,0.016227245133394408,0.03984184093615256,-0.0005471173228845383,0.01157425418878677,0.0424963576563222,0.004370542331795457,0.033946320299647115,0.037348937765266044,0.022708598015969528,0.02607082128011251,0.026787924326135304,0.011931262036025125,0.030736761975627247,0.07673692685652622,0.02728705726156544,0.10658998806425635,-0.001165038056686607,0.008821224739224087
24,3,0.09133777875413163,0.01350891581338376,-0.009892317677071438,0.020917399437267892,0.0,0.007224980511120527,-0.016764399527389784,-0.013337702327368584,0.0848102479324011,0.13436251441384245,0.026484130308934095,0.03615052767025195,0.022916675922693974,0.03728488136409036,-0.004338706335114462,0.025962537068356772,0.042555696323454684,-0.012952538813298387,0.027786851371908505,0.023502637015175354,0.027582384090729606,0.03347117648545478,0.02218247428366482,0.00970022281023769,0.03173979357380252,0.08475407502288068,0.034629249415088936,0.11455376847754223,0.009778947817373207,0.009353089149484961
24,4,0.0933450196106076,0.023753680524918108,-0.010619351446485514,0.015581949769803705,-0.009696960371528895,0.0035139500741960816,-0.011789267390227065,-0.012754226029764837,0.06092134749670752,0.13122034137630822,0.024378734391923895,0.027634765755427004,0.028451431046265574,0.04038718482907411,0.0,0.015762480554932068,0.04818838391665459,0.005221587420075391,0.043861462486105174,0.028708914828529997,0.026966987699440503,0.02173535706929891,0.016400935292937346,0.010267568005048355,0.03419957535671414,0.09785946962742564,0.02283171476964252,0.12304928521700964,0.011513798997442981,0.003073558039833446
24,5,0.09733731594080264,0.022387958639276118,0.0023467017336603613,0.021331648065359032,-0.004530047875925369,0.01165298632675471,-0.026795424053974004,-0.009494559536422364,0.06309148246725721,0.1239347093911401,0.01576809546460939,0.03198432665348849,0.03338133661363962,0.02523533718624965,0.0006632123437135817,0.015114201724945375,0.040850203504267935,0.0046726640542676945,0.042719144004414566,0.02588026334021193,0.011108769071314417,0.03433102332259291,0.02566979323485241,0.013359128577613788,0.025309976793229327,0.09337007807511949,0.021436415734768843,0.1308411115260853,0.011038440046071352,0.009973386548931429
