budget,f_id,i_id,log_precision
100,1,1,1.6068322438346523
100,1,2,1.556746275139824
100,1,3,1.5693818048834833
100,1,4,1.6783120184516347
100,1,5,1.6014383472328935
100,2,1,5.5950269445892395
100,2,2,5.788520625255899
100,2,3,5.681246423699508
100,2,4,5.734323002829294
100,2,5,5.600797889401244
100,3,1,2.3828078848904255
100,3,2,2.35382265261285
100,3,3,2.3839973603057034
100,3,4,2.3743143180997563
100,3,5,2.4300581945864153
100,4,1,2.582251756799369
100,4,2,2.5640502637877707
100,4,3,2.560801968543446
100,4,4,2.602938455758679
100,4,5,2.5520169175116845
100,5,1,1.3456294461822107
100,5,2,1.3745016750897663
100,5,3,1.3785748401623592
100,5,4,1.2649607929556546
100,5,5,1.3513033524799707
100,6,1,2.63031547646788
100,6,2,2.5130572871769847
100,6,3,4.221235552782477
100,6,4,3.9762958973782485
100,6,5,2.562421029711846
100,7,1,2.1969171580282163
100,7,2,2.228340933758956
100,7,3,2.282089985672179
100,7,4,2.156259158708615
100,7,5,2.1280355508573945
100,8,1,4.521020391313158
100,8,2,4.582172802185746
100,8,3,4.452355119135765
100,8,4,4.462010977330746
100,8,5,4.41201063157776
100,9,1,4.396602351594175
100,9,2,4.465042569787743
100,9,3,4.375245317212876
100,9,4,4.463631512894761
100,9,5,4.459325731837903
100,10,1,5.640770706062272
100,10,2,5.620128589368424
100,10,3,5.688306662985553
100,10,4,5.6825927191997385
100,10,5,5.607080150710122
100,11,1,2.8537143313658277
100,11,2,2.732814726983572
100,11,3,2.7907666428910627
100,11,4,2.980908579758051
100,11,5,3.0388836064837865
100,12,1,7.738440308089166
100,12,2,7.718000701239856
100,12,3,7.650034402455073
100,12,4,7.727725888659978
100,12,5,7.578959292655138
100,13,1,3.02139754711636
100,13,2,2.9982486133145647
100,13,3,3.030379259854155
100,13,4,3.0222327742148827
100,13,5,3.020531933937262
100,14,1,1.205622565518769
100,14,2,1.285726264122826
100,14,3,1.2240602041920343
100,14,4,1.2491786643781748
100,14,5,1.1652851382955958
100,15,1,2.396633096847075
100,15,2,2.4067076770682148
100,15,3,2.4280676944891386
100,15,4,2.412735412280299
100,15,5,2.451024249986894
100,16,1,1.4264620939742951
100,16,2,1.3987540761486943
100,16,3,1.4387520948312937
100,16,4,1.4278095946857259
100,16,5,1.4193252505329121
100,17,1,1.026246575058699
100,17,2,1.039817870540892
100,17,3,1.0311324323648108
100,17,4,1.0328414572640554
100,17,5,1.0198276557466155
100,18,1,1.567880035365322
100,18,2,1.5880771496773007
100,18,3,1.6017499150047776
100,18,4,1.5811712306855414
100,18,5,1.5721706178516557
100,19,1,1.2902563635831232
100,19,2,1.2472171026371968
100,19,3,1.256864474798732
100,19,4,1.2682897518690899
100,19,5,1.2675817126179862
100,20,1,4.097145963158387
100,20,2,4.1034927131972685
100,20,3,4.145444003838389
100,20,4,4.110572267471831
100,20,5,4.137528845129512
100,21,1,1.8116060224848582
100,21,2,1.7930757334476923
100,21,3,1.7963870066133136
100,21,4,1.8083697634854021
100,21,5,1.8077346430554686
100,22,1,1.850030222195385
100,22,2,1.854010319185681
100,22,3,1.8330248879242124
100,22,4,1.8332040253894932
100,22,5,1.849229044932409
100,23,1,0.6840796953641337
100,23,2,0.715571453435613
100,23,3,0.734551356060588
100,23,4,0.6869685684349278
100,23,5,0.6784692399415505
100,24,1,2.3120559004292236
100,24,2,2.3090228714211958
100,24,3,2.287698858358588
100,24,4,2.3014972305503947
100,24,5,2.3227979614475895
300,1,1,1.3474483236802213
300,1,2,1.0712098083369417
300,1,3,1.1693035158408687
300,1,4,1.30145547024487
300,1,5,1.2903846188187191
300,2,1,4.8672759250998
300,2,2,4.930179657561096
300,2,3,4.901074025732374
300,2,4,4.796175027079189
300,2,5,4.719490374757669
300,3,1,2.2399088073078977
300,3,2,2.188886232987971
300,3,3,2.118920741184698
300,3,4,2.1072066314195816
300,3,5,2.1500420957890247
300,4,1,2.390449466088126
300,4,2,2.3516702675565972
300,4,3,2.3953706231882865
300,4,4,2.3989842058596467
300,4,5,2.4155090744926233
300,5,1,0.16543857493648778
300,5,2,0.18383883617220795
300,5,3,0.20295175539743265
300,5,4,0.20693290269075973
300,5,5,0.23918641882767092
300,6,1,2.1555912063901275
300,6,2,2.081722533174257
300,6,3,2.326840703836433
300,6,4,2.0643973381937633
300,6,5,2.313723999389219
300,7,1,1.9676698132647477
300,7,2,2.043685478299231
300,7,3,2.029933054371556
300,7,4,1.8143892729155717
300,7,5,1.9691369647105608
300,8,1,4.10627885184217
300,8,2,3.975445950505182
300,8,3,3.8384522975544844
300,8,4,3.9125075935500075
300,8,5,3.940174298662793
300,9,1,4.105481446065055
300,9,2,4.0902016003563455
300,9,3,3.9964396517305705
300,9,4,4.13049758024028
300,9,5,4.18910165670063
300,10,1,5.258522310543907
300,10,2,5.190146804212644
300,10,3,5.367570512710684
300,10,4,5.325600882362739
300,10,5,5.283020459477998
300,11,1,2.363746374175812
300,11,2,2.427569390514287
300,11,3,2.467637056900847
300,11,4,2.5890543164428603
300,11,5,2.4885045881231727
300,12,1,7.365965423831312
300,12,2,7.4075839947179265
300,12,3,7.240887049668895
300,12,4,7.387200614576516
300,12,5,7.274448269688898
300,13,1,2.825966125437507
300,13,2,2.7970501048593808
300,13,3,2.8600663464756155
300,13,4,2.8562045443553177
300,13,5,2.9179288091614386
300,14,1,0.9761761327187289
300,14,2,1.0736983679861387
300,14,3,1.076424998104289
300,14,4,1.0502058333734254
300,14,5,0.9110946972507313
300,15,1,2.1386292437309264
300,15,2,2.2608560317872857
300,15,3,2.1967239597086117
300,15,4,2.2709522410842906
300,15,5,2.305884182938678
300,16,1,1.3350475023895767
300,16,2,1.3320817752277097
300,16,3,1.3459050806245907
300,16,4,1.3376331039096188
300,16,5,1.305357558854375
300,17,1,0.8656831060444776
300,17,2,0.9530735009000278
300,17,3,0.9387398309875976
300,17,4,0.8705988302979613
300,17,5,0.9430136837849395
300,18,1,1.4148564241401664
300,18,2,1.4902410565317028
300,18,3,1.4506728203046422
300,18,4,1.4231928933519578
300,18,5,1.5203786816706522
300,19,1,1.127585157202834
300,19,2,1.1426977704288592
300,19,3,1.1467818705452897
300,19,4,1.1341301767591923
300,19,5,1.1202470491981937
300,20,1,3.7520173228319034
300,20,2,3.7917919304972343
300,20,3,3.834429805311891
300,20,4,3.8638320253977425
300,20,5,3.8165361717389366
300,21,1,1.7101109607725271
300,21,2,1.705755836109441
300,21,3,1.676074997724693
300,21,4,1.705804975635001
300,21,5,1.7137726146064436
300,22,1,1.782152893509631
300,22,2,1.8055528364708033
300,22,3,1.6941120184582779
300,22,4,1.7608236513929105
300,22,5,1.7824661621417013
300,23,1,0.6127975371879628
300,23,2,0.6726078454858843
300,23,3,0.62183764882082
300,23,4,0.5960876285655988
300,23,5,0.645116721530373
300,24,1,2.238541038129921
300,24,2,2.2530281241379893
300,24,3,2.220903427754162
300,24,4,2.228112570938792
300,24,5,2.250851298057644
500,1,1,1.216108973118707
500,1,2,0.8059884648171718
500,1,3,0.9398629298306305
500,1,4,1.0668321789971338
500,1,5,1.1011710270679922
500,2,1,4.325877916146982
500,2,2,4.273378480826054
500,2,3,4.325089607674236
500,2,4,4.162464238445649
500,2,5,4.148617536949757
500,3,1,2.0984768481638447
500,3,2,2.0657405169460588
500,3,3,1.9919602999652843
500,3,4,1.9985737855852617
500,3,5,2.0510379020975438
500,4,1,2.3047948075312905
500,4,2,2.2471661079984813
500,4,3,2.2747300988962285
500,4,4,2.3051595782727765
500,4,5,2.324647735362525
500,5,1,0.12397050233008253
500,5,2,0.13797586819693558
500,5,3,0.1780651656911641
500,5,4,0.1609502761442354
500,5,5,0.21254895641615837
500,6,1,2.0735896404085046
500,6,2,2.0465883405135803
500,6,3,2.18053084647312
500,6,4,1.8700045059448374
500,6,5,2.109757203108308
500,7,1,1.8418608945573747
500,7,2,1.9350308825400464
500,7,3,1.9334328547039688
500,7,4,1.7598882577940413
500,7,5,1.810641939920667
500,8,1,3.691335388271182
500,8,2,3.618139483778094
500,8,3,3.4955995178490977
500,8,4,3.66012744016355
500,8,5,3.7136258364431254
500,9,1,3.855156604870297
500,9,2,3.8271722079547876
500,9,3,3.7920865834785307
500,9,4,3.854342963600845
500,9,5,3.950264129574554
500,10,1,5.143258121796387
500,10,2,5.0158672561758175
500,10,3,5.17707065302758
500,10,4,5.164524219828141
500,10,5,5.1478885667106695
500,11,1,2.2828433737013385
500,11,2,2.3178291115749365
500,11,3,2.32222675963101
500,11,4,2.4175625161629175
500,11,5,2.394683569918076
500,12,1,7.13185399157182
500,12,2,7.110910995772442
500,12,3,7.017178532683271
500,12,4,7.137961259829426
500,12,5,7.044600909019954
500,13,1,2.744767010503288
500,13,2,2.6791285269449507
500,13,3,2.708376880197594
500,13,4,2.763556693748761
500,13,5,2.8465901476964417
500,14,1,0.9142904654105412
500,14,2,0.8906141325173562
500,14,3,0.9657747962519748
500,14,4,0.9247233495101824
500,14,5,0.7881277441126464
500,15,1,2.0417784165246546
500,15,2,2.1240414313159257
500,15,3,2.095163467886692
500,15,4,2.19313118121887
500,15,5,2.2199747941225123
500,16,1,1.2980802985326192
500,16,2,1.2613176775895514
500,16,3,1.3100073357770412
500,16,4,1.308612552589062
500,16,5,1.259003350761544
500,17,1,0.7770657317456401
500,17,2,0.9058371503673706
500,17,3,0.8412707496719171
500,17,4,0.7926864707643864
500,17,5,0.9115957573951521
500,18,1,1.3435878288623442
500,18,2,1.458242740689787
500,18,3,1.3148140063310458
500,18,4,1.2897020430397759
500,18,5,1.4315935406103084
500,19,1,1.045565408764763
500,19,2,1.064014887750302
500,19,3,1.0478621771691827
500,19,4,1.0937278000423616
500,19,5,1.0331034660862062
500,20,1,3.480363804263641
500,20,2,3.4289423754079236
500,20,3,3.4129705221366415
500,20,4,3.4941711489184053
500,20,5,3.3629771973417664
500,21,1,1.6077313926407644
500,21,2,1.6049515748424983
500,21,3,1.6656039124978086
500,21,4,1.5660608752907523
500,21,5,1.7055927466099519
500,22,1,1.7166652109327745
500,22,2,1.7153684708305434
500,22,3,1.5691723962232984
500,22,4,1.5940431296550401
500,22,5,1.6505033117119787
500,23,1,0.5872918404552924
500,23,2,0.5728341680206248
500,23,3,0.5801675471704607
500,23,4,0.5794314251562626
500,23,5,0.609797655216052
500,24,1,2.1835735842771564
500,24,2,2.1499224827288628
500,24,3,2.156190487071239
500,24,4,2.142632075190853
500,24,5,2.187702325154177
1000,1,1,0.736533165357129
1000,1,2,0.5083896515658511
1000,1,3,0.56937148756341
1000,1,4,0.6688355982838504
1000,1,5,0.7376282421818153
1000,2,1,3.3581287923433014
1000,2,2,3.4952954524953865
1000,2,3,3.438814403974514
1000,2,4,3.2355637927457557
1000,2,5,3.3825585810235532
1000,3,1,1.962961868864674
1000,3,2,1.9219890548301382
1000,3,3,1.8759527991340783
1000,3,4,1.866907169343334
1000,3,5,1.9032134741924172
1000,4,1,2.1020495541420234
1000,4,2,2.089321882426968
1000,4,3,2.094632433948885
1000,4,4,2.065644127607866
1000,4,5,2.144088022263306
1000,5,1,0.12397050233008253
1000,5,2,0.13797586819693558
1000,5,3,0.1780651656911641
1000,5,4,0.1609502761442354
1000,5,5,0.21254895641615837
1000,6,1,1.8865121483649279
1000,6,2,1.881741051759762
1000,6,3,1.8786710058600242
1000,6,4,1.730317547617
1000,6,5,2.0396002079941016
1000,7,1,1.7371428996366627
1000,7,2,1.762809519931932
1000,7,3,1.7686996163879085
1000,7,4,1.558724682683049
1000,7,5,1.5882656238875172
1000,8,1,3.1639370906019604
1000,8,2,2.979723925214933
1000,8,3,3.0037210037365036
1000,8,4,3.1215713089167423
1000,8,5,3.1215928649070133
1000,9,1,3.2999545218023503
1000,9,2,3.380853431552802
1000,9,3,3.4751964183207416
1000,9,4,3.4811713850162986
1000,9,5,3.4827218371895228
1000,10,1,4.953102919178993
1000,10,2,4.7863318550072425
1000,10,3,4.966090231566804
1000,10,4,4.956409703029118
1000,10,5,4.991220257289556
1000,11,1,2.2246559305931743
1000,11,2,2.26089877606847
1000,11,3,2.251063541207009
1000,11,4,2.2986223384554187
1000,11,5,2.2681228543345635
1000,12,1,6.868436080039927
1000,12,2,6.635811834801277
1000,12,3,6.652864781743806
1000,12,4,6.717776703881334
1000,12,5,6.675606287057028
1000,13,1,2.5118577840357674
1000,13,2,2.4179934928900013
1000,13,3,2.541386126501529
1000,13,4,2.6375192665399827
1000,13,5,2.7248620131609584
1000,14,1,0.6411622676198543
1000,14,2,0.6775271542161005
1000,14,3,0.8240375737914613
1000,14,4,0.6627539507027882
1000,14,5,0.6120842706770236
1000,15,1,1.9553205819010258
1000,15,2,2.0026448393881635
1000,15,3,1.9937516344127417
1000,15,4,2.0743884220393842
1000,15,5,2.083148409830044
1000,16,1,1.2412772469691993
1000,16,2,1.2146702716981816
1000,16,3,1.2349991592792857
1000,16,4,1.2297059497202945
1000,16,5,1.20348903323776
1000,17,1,0.6702445439638006
1000,17,2,0.8544362861262088
1000,17,3,0.7151824061162154
1000,17,4,0.675595192090001
1000,17,5,0.84737778266316
1000,18,1,1.2256740480304962
1000,18,2,1.3506650734171775
1000,18,3,1.2213718523393167
1000,18,4,1.169159376107718
1000,18,5,1.3716600046357525
1000,19,1,0.972194811845844
1000,19,2,0.9728281299256529
1000,19,3,0.9732811521936348
1000,19,4,0.9678660044732843
1000,19,5,0.9391077703953031
1000,20,1,2.637492621551566
1000,20,2,2.3133584013516337
1000,20,3,2.3649724694639858
1000,20,4,2.136500688345883
1000,20,5,2.584278226668522
1000,21,1,1.3890359483524524
1000,21,2,1.4616335500473716
1000,21,3,1.5208456702024395
1000,21,4,1.4566394807933531
1000,21,5,1.452352282499821
1000,22,1,1.5493266157972512
1000,22,2,1.5075419091937232
1000,22,3,1.373430143513796
1000,22,4,1.4229747338382317
1000,22,5,1.3628673022908286
1000,23,1,0.5455624242146477
1000,23,2,0.5353309530282782
1000,23,3,0.5459316093308256
1000,23,4,0.553718008689158
1000,23,5,0.5590053484549785
1000,24,1,2.0796839203018314
1000,24,2,2.0879833173596207
1000,24,3,2.0814018851851017
1000,24,4,2.0760342258583604
1000,24,5,2.092886591111663
3000,1,1,0.08605039645017973
3000,1,2,0.03814011378017499
3000,1,3,0.05187333284653262
3000,1,4,0.0693877544657588
3000,1,5,0.07953281754896778
3000,2,1,1.5003878647516133
3000,2,2,1.4995492176327028
3000,2,3,1.6156935517508866
3000,2,4,1.4940777746483755
3000,2,5,1.4485917941164106
3000,3,1,1.702398105009243
3000,3,2,1.711288798710555
3000,3,3,1.6804536011156883
3000,3,4,1.6843387811879855
3000,3,5,1.6919509476015733
3000,4,1,1.7893186203233438
3000,4,2,1.8249828075849137
3000,4,3,1.8329253421514597
3000,4,4,1.7867570667553583
3000,4,5,1.8035846764401786
3000,5,1,0.12397050233008253
3000,5,2,0.13797586819693558
3000,5,3,0.1780651656911641
3000,5,4,0.1609502761442354
3000,5,5,0.21254895641615837
3000,6,1,1.6113853591433949
3000,6,2,1.6235570305607563
3000,6,3,1.4077090491851192
3000,6,4,1.5131678673209525
3000,6,5,1.6033790771757153
3000,7,1,1.3322224514919216
3000,7,2,1.4779964710047546
3000,7,3,1.433419879458979
3000,7,4,1.2082955089879146
3000,7,5,1.2068024543787927
3000,8,1,2.2099499807778886
3000,8,2,2.038051387327063
3000,8,3,2.2416777649454005
3000,8,4,2.304560734511206
3000,8,5,2.2451162731436947
3000,9,1,2.727384093612627
3000,9,2,2.784282160152299
3000,9,3,2.824021575005275
3000,9,4,2.851562407193647
3000,9,5,2.588405552383793
3000,10,1,4.617977536269604
3000,10,2,4.492051657220454
3000,10,3,4.720380736349635
3000,10,4,4.603346789107435
3000,10,5,4.651840145466979
3000,11,1,2.158740272715408
3000,11,2,2.1548105120006458
3000,11,3,2.1441150182333053
3000,11,4,2.1769714660268975
3000,11,5,2.0783148721106643
3000,12,1,6.047306008611255
3000,12,2,5.471496013703301
3000,12,3,5.692786493808606
3000,12,4,5.872332171180297
3000,12,5,5.533740723481554
3000,13,1,2.205642457097998
3000,13,2,1.9978172312719389
3000,13,3,2.1911065480450103
3000,13,4,2.3146648822261757
3000,13,5,2.3755374064411754
3000,14,1,0.13954792430761598
3000,14,2,0.1942875826645135
3000,14,3,0.3361877274188445
3000,14,4,0.1369991513239715
3000,14,5,0.10406785225850436
3000,15,1,1.834399277878734
3000,15,2,1.8743802087482173
3000,15,3,1.8472372210137344
3000,15,4,1.932610188364456
3000,15,5,1.9309996098774413
3000,16,1,1.1407382304230977
3000,16,2,1.1570480423525888
3000,16,3,1.1558707024439048
3000,16,4,1.1717972751644885
3000,16,5,1.098034505149559
3000,17,1,0.5643568319471303
3000,17,2,0.7130964929688465
3000,17,3,0.5499870359603863
3000,17,4,0.48045932167813715
3000,17,5,0.6824300916624104
3000,18,1,1.0722213997132555
3000,18,2,1.194532588059682
3000,18,3,1.0528706342716188
3000,18,4,0.8972571080103035
3000,18,5,1.2249947565822932
3000,19,1,0.8561840345518049
3000,19,2,0.8674383223819065
3000,19,3,0.8471834047137694
3000,19,4,0.8349365973398938
3000,19,5,0.828911314283918
3000,20,1,0.5916898884079514
3000,20,2,0.5921294104668338
3000,20,3,0.5966330045108439
3000,20,4,0.6000636900718603
3000,20,5,0.5833928282024665
3000,21,1,1.0029564499487582
3000,21,2,1.0991638470836624
3000,21,3,1.203233222701879
3000,21,4,1.257978459136144
3000,21,5,1.2383100201389505
3000,22,1,1.0550336391899455
3000,22,2,1.0729876609239617
3000,22,3,1.0397934392493644
3000,22,4,0.9747985628375575
3000,22,5,1.074224125358671
3000,23,1,0.49084129870488663
3000,23,2,0.4755487132919205
3000,23,3,0.5069848158783689
3000,23,4,0.4756620747521307
3000,23,5,0.4688195701962386
3000,24,1,1.9640104423298612
3000,24,2,1.9477734256246524
3000,24,3,1.9481665860879345
3000,24,4,1.9531747203754097
3000,24,5,1.9677827227061362
5000,1,1,0.004468344921620018
5000,1,2,0.0015174206772425615
5000,1,3,0.002878512548840984
5000,1,4,0.002732689664201271
5000,1,5,0.0039535576619470335
5000,2,1,0.4911863999145448
5000,2,2,0.39730671528475475
5000,2,3,1.0190780312144687
5000,2,4,0.39528541282264373
5000,2,5,0.5543385055859913
5000,3,1,1.588518187265833
5000,3,2,1.6107307981167183
5000,3,3,1.560980907353449
5000,3,4,1.5941677548113025
5000,3,5,1.5792832466444646
5000,4,1,1.6949747254414393
5000,4,2,1.7100774023968852
5000,4,3,1.6606595099406989
5000,4,4,1.6585421724053055
5000,4,5,1.6843155066988664
5000,5,1,0.12397050233008253
5000,5,2,0.13797586819693558
5000,5,3,0.1780651656911641
5000,5,4,0.1609502761442354
5000,5,5,0.21254895641615837
5000,6,1,1.4540801148752325
5000,6,2,1.4949761625835587
5000,6,3,1.3892057851210926
5000,6,4,1.4492438641713468
5000,6,5,1.3831478735036158
5000,7,1,1.264907131539305
5000,7,2,1.2661697139168584
5000,7,3,1.2929493195100012
5000,7,4,0.9615837632979255
5000,7,5,1.0344632619662582
5000,8,1,1.869546818605282
5000,8,2,1.7124470310317932
5000,8,3,1.8754854113139077
5000,8,4,1.8477163500080789
5000,8,5,1.8240889504122386
5000,9,1,2.520785301377974
5000,9,2,2.512130428118659
5000,9,3,2.5405811717358127
5000,9,4,2.508415968081053
5000,9,5,2.272683782188846
5000,10,1,4.339943152985812
5000,10,2,4.331770438902518
5000,10,3,4.471777537030956
5000,10,4,4.4514132736057395
5000,10,5,4.537944233052587
5000,11,1,2.1317479009844704
5000,11,2,2.0568599647335564
5000,11,3,2.0646427029893832
5000,11,4,2.0957764940633132
5000,11,5,2.037244025872633
5000,12,1,5.508481474861777
5000,12,2,4.721601660519329
5000,12,3,5.298826317815776
5000,12,4,5.438038813404898
5000,12,5,5.013253081895612
5000,13,1,2.012956227800625
5000,13,2,1.7926599435692214
5000,13,3,1.9088525351995969
5000,13,4,2.091025614006237
5000,13,5,2.143273979870315
5000,14,1,0.027019746834380565
5000,14,2,0.04060971422566108
5000,14,3,0.06160731404905328
5000,14,4,0.03727281919027567
5000,14,5,0.03282474325382636
5000,15,1,1.7946162095379976
5000,15,2,1.799601977541391
5000,15,3,1.7988906109153602
5000,15,4,1.866166775436623
5000,15,5,1.8641536224080548
5000,16,1,1.0869794796679795
5000,16,2,1.0966117333816803
5000,16,3,1.0838741555583922
5000,16,4,1.098880178989433
5000,16,5,1.0373452884397747
5000,17,1,0.49753249182818354
5000,17,2,0.6153202083296939
5000,17,3,0.45297708644775386
5000,17,4,0.3925243560448064
5000,17,5,0.6110132320011353
5000,18,1,0.9523957742717244
5000,18,2,1.0945574649026961
5000,18,3,0.9567864265732875
5000,18,4,0.7285334633719818
5000,18,5,1.1328545481734595
5000,19,1,0.8102025481349033
5000,19,2,0.803341191736551
5000,19,3,0.8246057096946642
5000,19,4,0.8246039751387759
5000,19,5,0.8065983491121052
5000,20,1,0.5317524284023395
5000,20,2,0.5269945089584078
5000,20,3,0.5415635991837412
5000,20,4,0.537627750376951
5000,20,5,0.5458720012763641
5000,21,1,0.9173178897873532
5000,21,2,0.9006819678180213
5000,21,3,1.0865553189504573
5000,21,4,1.0173883688540875
5000,21,5,0.9857515042304507
5000,22,1,0.8040909257718094
5000,22,2,0.5892831424895728
5000,22,3,0.8478048343752417
5000,22,4,0.8816552014625603
5000,22,5,0.9684214215128064
5000,23,1,0.46372783935904477
5000,23,2,0.44528911114235303
5000,23,3,0.4666913203620846
5000,23,4,0.4473909376746462
5000,23,5,0.4613216460087248
5000,24,1,1.9033054737528767
5000,24,2,1.89867803959004
5000,24,3,1.8986481359438538
5000,24,4,1.9258369558660122
5000,24,5,1.9030562496511527
10000,1,1,1.3930415216251707e-06
10000,1,2,1.0286994669240458e-06
10000,1,3,1.1575493447192119e-06
10000,1,4,1.0329274388039085e-06
10000,1,5,1.2353816641626988e-06
10000,2,1,0.0003602152975707258
10000,2,2,0.0005470356957471396
10000,2,3,1.0084360953776523
10000,2,4,0.0003761053392663936
10000,2,5,0.0006431239453859271
10000,3,1,1.4777426389940407
10000,3,2,1.451980903468825
10000,3,3,1.4501547776371189
10000,3,4,1.4929541071038517
10000,3,5,1.4217661322473343
10000,4,1,1.5367420017298534
10000,4,2,1.5338703074651034
10000,4,3,1.5149466785232752
10000,4,4,1.5288877763657414
10000,4,5,1.5332126002869657
10000,5,1,0.12397050233008253
10000,5,2,0.13797586819693558
10000,5,3,0.1780651656911641
10000,5,4,0.1609502761442354
10000,5,5,0.21254895641615837
10000,6,1,1.1681269676981925
10000,6,2,1.4056019179631414
10000,6,3,1.3678335211391617
10000,6,4,1.430126937216943
10000,6,5,0.8806795274137962
10000,7,1,0.9720653062062078
10000,7,2,0.976747175655962
10000,7,3,1.0413539312092799
10000,7,4,0.5597417008760013
10000,7,5,0.755475424972143
10000,8,1,1.2089438551631397
10000,8,2,1.0665529496647326
10000,8,3,1.125673702479018
10000,8,4,1.1071276104681507
10000,8,5,1.1273390894300261
10000,9,1,2.19211199695873
10000,9,2,2.055400760647078
10000,9,3,2.180305531985785
10000,9,4,2.158823353123781
10000,9,5,1.6689049719914784
10000,10,1,4.196010969830585
10000,10,2,4.113707952583412
10000,10,3,4.273866681464323
10000,10,4,4.17039111922046
10000,10,5,4.214259659240141
10000,11,1,2.009014277732284
10000,11,2,1.9037037430665213
10000,11,3,1.9912163519148127
10000,11,4,1.9791349173122235
10000,11,5,1.9660258262530839
10000,12,1,4.6183424507571615
10000,12,2,4.070103641896721
10000,12,3,4.577625194872809
10000,12,4,4.8247407459849665
10000,12,5,4.279670343025694
10000,13,1,1.7122254807735553
10000,13,2,1.5630887772429396
10000,13,3,1.62514197982911
10000,13,4,1.742666346032051
10000,13,5,1.7614689442743527
10000,14,1,0.005073182974225271
10000,14,2,0.008422210844146906
10000,14,3,0.007371904313501946
10000,14,4,0.007658783607152387
10000,14,5,0.005956323130178838
10000,15,1,1.7578453215373284
10000,15,2,1.7445240873741048
10000,15,3,1.7523834404852519
10000,15,4,1.8065109118558194
10000,15,5,1.7824115989195364
10000,16,1,1.0395276064785226
10000,16,2,1.023846858023684
10000,16,3,1.027180633966152
10000,16,4,1.0447831258373168
10000,16,5,0.9674524339523883
10000,17,1,0.3401318631669
10000,17,2,0.5272930730020188
10000,17,3,0.3420435869493293
10000,17,4,0.3121351254893389
10000,17,5,0.48148026521590553
10000,18,1,0.8012107395557625
10000,18,2,1.0024574398737416
10000,18,3,0.8376704585412561
10000,18,4,0.638259987366058
10000,18,5,1.0213933673935804
10000,19,1,0.7540845813153293
10000,19,2,0.7601675127281668
10000,19,3,0.7706249450707946
10000,19,4,0.7533669342504205
10000,19,5,0.762524698123945
10000,20,1,0.48462473957954066
10000,20,2,0.4876237806941647
10000,20,3,0.4864202430894859
10000,20,4,0.4997477948350738
10000,20,5,0.4914454196119451
10000,21,1,0.5924648799072415
10000,21,2,0.5646058615054302
10000,21,3,0.9443853489985802
10000,21,4,0.7338648306182005
10000,21,5,0.7168558745079772
10000,22,1,0.47780926054477074
10000,22,2,0.4742828737648215
10000,22,3,0.5801523641168
10000,22,4,0.6350124456585361
10000,22,5,0.9412389325716018
10000,23,1,0.43073317036816
10000,23,2,0.42699629694858815
10000,23,3,0.4284446132360745
10000,23,4,0.42842591105964617
10000,23,5,0.45263738889350985
10000,24,1,1.8549480145495107
10000,24,2,1.848318588420902
10000,24,3,1.841430025302185
10000,24,4,1.8536407721674435
10000,24,5,1.8477973841151505
50000,1,1,5.887844027594622e-09
50000,1,2,7.57369516481099e-09
50000,1,3,5.612601828425427e-09
50000,1,4,5.626802900245118e-09
50000,1,5,5.6865341142074055e-09
50000,2,1,1.1251198766294143e-08
50000,2,2,7.216863149783573e-09
50000,2,3,1.0084356719918088
50000,2,4,7.421710987010276e-09
50000,2,5,9.274312077335987e-09
50000,3,1,1.1171603910902517
50000,3,2,1.2099854537989678
50000,3,3,1.156116315724525
50000,3,4,1.2051617273931914
50000,3,5,0.9807491867987432
50000,4,1,1.1658104503428448
50000,4,2,1.2732800756531577
50000,4,3,1.1915783505998343
50000,4,4,1.1339007561656567
50000,4,5,1.2733302322602147
50000,5,1,0.12397050233008253
50000,5,2,0.13797586819693558
50000,5,3,0.1780651656911641
50000,5,4,0.1609502761442354
50000,5,5,0.21254895641615837
50000,6,1,1.1220887820455465
50000,6,2,1.3962913621662316
50000,6,3,1.3410516566612514
50000,6,4,1.4211429814858305
50000,6,5,0.00037798269900211657
50000,7,1,0.4137812507835079
50000,7,2,0.30011923034586235
50000,7,3,0.3503337259713805
50000,7,4,0.010083121772457555
50000,7,5,0.23331426750599318
50000,8,1,0.076857588897357
50000,8,2,0.08264667916746021
50000,8,3,0.08337385320988512
50000,8,4,0.0669868952256591
50000,8,5,0.0751643090416527
50000,9,1,1.2816808923019511
50000,9,2,0.8822880834100955
50000,9,3,0.9659520943165189
50000,9,4,1.3588542798669172
50000,9,5,0.5421109197696058
50000,10,1,3.887243003658666
50000,10,2,3.755684859017184
50000,10,3,3.9894267271015873
50000,10,4,3.83712242207973
50000,10,5,3.870023390942319
50000,11,1,1.878558151941349
50000,11,2,1.709696132815384
50000,11,3,1.8059280157839759
50000,11,4,1.7729090523544535
50000,11,5,1.8473814695704653
50000,12,1,2.982740679611705
50000,12,2,2.6453975009918844
50000,12,3,2.9661630572895916
50000,12,4,3.7349785564284206
50000,12,5,2.9863835273095902
50000,13,1,0.7795430863700054
50000,13,2,0.9458269238071167
50000,13,3,0.8938506697829854
50000,13,4,0.6766870598730899
50000,13,5,0.6550152213836583
50000,14,1,0.0006717176816812458
50000,14,2,0.001302796086263848
50000,14,3,0.0008004228797453685
50000,14,4,0.0008817685078727114
50000,14,5,0.0008904964142888305
50000,15,1,1.7128813819170643
50000,15,2,1.6992050568123722
50000,15,3,1.6999353718102932
50000,15,4,1.7437750620333847
50000,15,5,1.721243596126429
50000,16,1,0.9454878443428842
50000,16,2,0.9254111449701882
50000,16,3,0.9811225502166904
50000,16,4,1.013201198197608
50000,16,5,0.9475039151359568
50000,17,1,0.062257797258029594
50000,17,2,0.163238288606507
50000,17,3,0.10980813527553365
50000,17,4,0.19596446055268543
50000,17,5,0.07902304182100546
50000,18,1,0.5676409793889252
50000,18,2,0.8692278507157422
50000,18,3,0.5913102022106611
50000,18,4,0.4629452221459342
50000,18,5,0.703953355182481
50000,19,1,0.7059990675189686
50000,19,2,0.6985879187278199
50000,19,3,0.7290035932141729
50000,19,4,0.6796173216143663
50000,19,5,0.7015083503958685
50000,20,1,0.4393291729740878
50000,20,2,0.4438606407265339
50000,20,3,0.4312808715478715
50000,20,4,0.4312426222211886
50000,20,5,0.42470385580149894
50000,21,1,0.4362031200321232
50000,21,2,0.47254622321925194
50000,21,3,0.7402873946152617
50000,21,4,0.48339629357975944
50000,21,5,0.4887125609173209
50000,22,1,0.47055731613241514
50000,22,2,0.47055731613241514
50000,22,3,0.5551607030821025
50000,22,4,0.46294508415897867
50000,22,5,0.8579061626433879
50000,23,1,0.4124961452113342
50000,23,2,0.4021887676047252
50000,23,3,0.39708930552811733
50000,23,4,0.4122281294547558
50000,23,5,0.4113415803409228
50000,24,1,1.7850036465844494
50000,24,2,1.7772128841794976
50000,24,3,1.794411615651734
50000,24,4,1.8114019710552394
50000,24,5,1.783408237880614
